,Name,Party,State,Bill:,Congress-Session:,Category
0,Ronald E. Paul,Republican Party,Texas,HJRes 15,108- 1,Primary
1,Jeff Flake,Republican Party,Arizona,HJRes 15,108- 1,Cosponsor
2,John Nathan Hostettler,Republican Party,Indiana,HJRes 15,108- 1,Cosponsor
3,Jim W. DeMint,Republican Party,South Carolina,SJRes 16,111- 1,Primary
4,James Risch,Republican Party,Idaho,SJRes 16,111- 1,Cosponsor
5,Charles E. Grassley,Republican Party,Iowa,SJRes 16,111- 1,Cosponsor
6,David Vitter,Republican Party,Louisiana,SJRes 16,111- 1,Cosponsor
7,Thomas A. Coburn,Republican Party,Oklahoma,SJRes 16,111- 1,Cosponsor
8,James M. Inhofe,Republican Party,Oklahoma,SJRes 16,111- 1,Cosponsor
9,Lindsey O. Graham,Republican Party,South Carolina,SJRes 16,111- 1,Cosponsor
10,Peter A. DeFazio,Democratic Party,Oregon,HJRes 109,115- 1,Primary
11,Gerald Brooks Hunt Solomon,Republican Party,New York,HJRes 54,105- 1,Primary
12,Spencer Thomas Bachus III,Republican Party,Alabama,HJRes 54,105- 1,Cosponsor
13,H. L. Callahan,Republican Party,Alabama,HJRes 54,105- 1,Cosponsor
14,Robert E. Cramer Jr.,Democratic Party,Alabama,HJRes 54,105- 1,Cosponsor
15,Terry Everett,Republican Party,Alabama,HJRes 54,105- 1,Cosponsor
16,Bob Riley,Republican Party,Alabama,HJRes 54,105- 1,Cosponsor
17,Robert B. Aderholt,Republican Party,Alabama,HJRes 54,105- 1,Cosponsor
18,Earl F. Hilliard,Democratic Party,Alabama,HJRes 54,105- 1,Cosponsor
19,Don E. Young,Republican Party,Alaska,HJRes 54,105- 1,Cosponsor
20,John D. Hayworth Jr.,Republican Party,Arizona,HJRes 54,105- 1,Cosponsor
21,Robert Stump,Republican Party,Arizona,HJRes 54,105- 1,Cosponsor
22,Matt Salmon,Republican Party,Arizona,HJRes 54,105- 1,Cosponsor
23,Jay Dickey,Republican Party,Arkansas,HJRes 54,105- 1,Cosponsor
24,Asa Hutchinson,Republican Party,Arkansas,HJRes 54,105- 1,Cosponsor
25,Robert Marion Berry,Democratic Party,Arkansas,HJRes 54,105- 1,Cosponsor
26,Brian P. Bilbray,Republican Party,California,HJRes 54,105- 1,Cosponsor
27,Sonny Bono,Republican Party,California,HJRes 54,105- 1,Cosponsor
28,C. Christopher Cox,Republican Party,California,HJRes 54,105- 1,Cosponsor
29,Randall H. Cunningham,Republican Party,California,HJRes 54,105- 1,Cosponsor
30,Calvin M. Dooley,Democratic Party,California,HJRes 54,105- 1,Cosponsor
31,Elton W. Gallegly,Republican Party,California,HJRes 54,105- 1,Cosponsor
32,Walter Herger,Republican Party,California,HJRes 54,105- 1,Cosponsor
33,Stephen Horn,Republican Party,California,HJRes 54,105- 1,Cosponsor
34,Duncan L. Hunter,Republican Party,California,HJRes 54,105- 1,Cosponsor
35,Jay Kim,Republican Party,California,HJRes 54,105- 1,Cosponsor
36,Matthew G. Martínez,Democratic Party,California,HJRes 54,105- 1,Cosponsor
37,Howard P. McKeon,Republican Party,California,HJRes 54,105- 1,Cosponsor
38,Ron Packard,Republican Party,California,HJRes 54,105- 1,Cosponsor
39,George P. Radanovich,Republican Party,California,HJRes 54,105- 1,Cosponsor
40,Frank D. Riggs,Republican Party,California,HJRes 54,105- 1,Cosponsor
41,James E. Rogan,Republican Party,California,HJRes 54,105- 1,Cosponsor
42,Edward R. Royce,Republican Party,California,HJRes 54,105- 1,Cosponsor
43,William M. Thomas,Republican Party,California,HJRes 54,105- 1,Cosponsor
44,Ken S. Calvert,Republican Party,California,HJRes 54,105- 1,Cosponsor
45,Jerry Lewis,Republican Party,California,HJRes 54,105- 1,Cosponsor
46,John T. Doolittle,Republican Party,California,HJRes 54,105- 1,Cosponsor
47,Gary Condit,Democratic Party,California,HJRes 54,105- 1,Cosponsor
48,Jane Harman,Democratic Party,California,HJRes 54,105- 1,Cosponsor
49,Richard W. Pombo,Republican Party,California,HJRes 54,105- 1,Cosponsor
50,Tom Campbell,Republican Party,California,HJRes 54,105- 1,Cosponsor
51,Joel Hefley,Republican Party,Colorado,HJRes 54,105- 1,Cosponsor
52,Scott McInnis,Republican Party,Colorado,HJRes 54,105- 1,Cosponsor
53,Daniel Schaefer,Republican Party,Colorado,HJRes 54,105- 1,Cosponsor
54,Bob Schaffer,Republican Party,Colorado,HJRes 54,105- 1,Cosponsor
55,Barbara Bailey Kennelly,Democratic Party,Connecticut,HJRes 54,105- 1,Cosponsor
56,James Maloney,Democratic Party,Connecticut,HJRes 54,105- 1,Cosponsor
57,Nancy Lee Johnson,Republican Party,Connecticut,HJRes 54,105- 1,Cosponsor
58,Michael N. Castle,Republican Party,Delaware,HJRes 54,105- 1,Cosponsor
59,Michael Bilirakis,Republican Party,Florida,HJRes 54,105- 1,Cosponsor
60,Charles T. Canady,Republican Party,Florida,HJRes 54,105- 1,Cosponsor
61,Lincoln Diaz-Balart,Republican Party,Florida,HJRes 54,105- 1,Cosponsor
62,Mark Adam Foley,Republican Party,Florida,HJRes 54,105- 1,Cosponsor
63,Tillie K. Fowler,Republican Party,Florida,HJRes 54,105- 1,Cosponsor
64,Porter J. Goss,Republican Party,Florida,HJRes 54,105- 1,Cosponsor
65,Bill McCollum,Republican Party,Florida,HJRes 54,105- 1,Cosponsor
66,Clifford B. Stearns,Republican Party,Florida,HJRes 54,105- 1,Cosponsor
67,Karen Thurman,Democratic Party,Florida,HJRes 54,105- 1,Cosponsor
68,David J. Weldon Jr.,Republican Party,Florida,HJRes 54,105- 1,Cosponsor
69,C. W. Bill Young,Republican Party,Florida,HJRes 54,105- 1,Cosponsor
70,Dan Miller,Republican Party,Florida,HJRes 54,105- 1,Cosponsor
71,E. Clay Shaw Jr.,Republican Party,Florida,HJRes 54,105- 1,Cosponsor
72,John L. Mica,Republican Party,Florida,HJRes 54,105- 1,Cosponsor
73,Ileana Ros-Lehtinen,Republican Party,Florida,HJRes 54,105- 1,Cosponsor
74,Allen Boyd Jr.,Democratic Party,Florida,HJRes 54,105- 1,Cosponsor
75,Bob Barr,Republican Party,Georgia,HJRes 54,105- 1,Cosponsor
76,Sanford D. Bishop Jr.,Democratic Party,Georgia,HJRes 54,105- 1,Cosponsor
77,Michael Allen Collins,Republican Party,Georgia,HJRes 54,105- 1,Cosponsor
78,Nathan Deal,Republican Party,Georgia,HJRes 54,105- 1,Cosponsor
79,Jack Kingston,Republican Party,Georgia,HJRes 54,105- 1,Cosponsor
80,John Linder,Republican Party,Georgia,HJRes 54,105- 1,Cosponsor
81,Charles W. Norwood Jr.,Republican Party,Georgia,HJRes 54,105- 1,Cosponsor
82,Saxby Chambliss,Republican Party,Georgia,HJRes 54,105- 1,Cosponsor
83,Newton Leroy Gingrich,Republican Party,Georgia,HJRes 54,105- 1,Cosponsor
84,Michael D. Crapo,Republican Party,Idaho,HJRes 54,105- 1,Cosponsor
85,Helen Chenoweth-Hage,Republican Party,Idaho,HJRes 54,105- 1,Cosponsor
86,Philip M. Crane,Republican Party,Illinois,HJRes 54,105- 1,Cosponsor
87,Thomas W. Ewing,Republican Party,Illinois,HJRes 54,105- 1,Cosponsor
88,J. Dennis Hastert,Republican Party,Illinois,HJRes 54,105- 1,Cosponsor
89,Henry John Hyde,Republican Party,Illinois,HJRes 54,105- 1,Cosponsor
90,Ray H. LaHood,Republican Party,Illinois,HJRes 54,105- 1,Cosponsor
91,William O. Lipinski,Democratic Party,Illinois,HJRes 54,105- 1,Cosponsor
92,Donald A. Manzullo,Republican Party,Illinois,HJRes 54,105- 1,Cosponsor
93,John M. Shimkus,Republican Party,Illinois,HJRes 54,105- 1,Cosponsor
94,Gerald C. Weller,Republican Party,Illinois,HJRes 54,105- 1,Cosponsor
95,Harris W. Fawell,Republican Party,Illinois,HJRes 54,105- 1,Cosponsor
96,Dan L. Burton,Republican Party,Indiana,HJRes 54,105- 1,Cosponsor
97,Stephen E. Buyer,Republican Party,Indiana,HJRes 54,105- 1,Cosponsor
98,Lee Herbert Hamilton,Democratic Party,Indiana,HJRes 54,105- 1,Cosponsor
99,John Nathan Hostettler,Republican Party,Indiana,HJRes 54,105- 1,Cosponsor
100,David M. McIntosh,Republican Party,Indiana,HJRes 54,105- 1,Cosponsor
101,Timothy Roemer,Democratic Party,Indiana,HJRes 54,105- 1,Cosponsor
102,Mark Edward Souder,Republican Party,Indiana,HJRes 54,105- 1,Cosponsor
103,Edward A. Pease,Republican Party,Indiana,HJRes 54,105- 1,Cosponsor
104,Leonard L. Boswell,Democratic Party,Iowa,HJRes 54,105- 1,Cosponsor
105,Greg Ganske,Republican Party,Iowa,HJRes 54,105- 1,Cosponsor
106,Tom P. Latham,Republican Party,Iowa,HJRes 54,105- 1,Cosponsor
107,James Allen Nussle,Republican Party,Iowa,HJRes 54,105- 1,Cosponsor
108,Todd Tiahrt,Republican Party,Kansas,HJRes 54,105- 1,Cosponsor
109,Jerry Moran,Republican Party,Kansas,HJRes 54,105- 1,Cosponsor
110,Vincent K. Snowbarger,Republican Party,Kansas,HJRes 54,105- 1,Cosponsor
111,Jim R. Ryun,Republican Party,Kansas,HJRes 54,105- 1,Cosponsor
112,Jim Bunning,Republican Party,Kentucky,HJRes 54,105- 1,Cosponsor
113,Harold Rogers,Republican Party,Kentucky,HJRes 54,105- 1,Cosponsor
114,Ed Whitfield,Republican Party,Kentucky,HJRes 54,105- 1,Cosponsor
115,Ron Lewis,Republican Party,Kentucky,HJRes 54,105- 1,Cosponsor
116,Anne Meagher Northup,Republican Party,Kentucky,HJRes 54,105- 1,Cosponsor
117,Henry Scott Baesler,Democratic Party,Kentucky,HJRes 54,105- 1,Cosponsor
118,Richard Hugh Baker,Republican Party,Louisiana,HJRes 54,105- 1,Cosponsor
119,William J. Jefferson,Democratic Party,Louisiana,HJRes 54,105- 1,Cosponsor
120,Christopher John,Democratic Party,Louisiana,HJRes 54,105- 1,Cosponsor
121,Robert Linligthgow Livingston Jr.,Republican Party,Louisiana,HJRes 54,105- 1,Cosponsor
122,James O. McCrery III,Republican Party,Louisiana,HJRes 54,105- 1,Cosponsor
123,John Cooksey,Republican Party,Louisiana,HJRes 54,105- 1,Cosponsor
124,William J. Tauzin,Republican Party,Louisiana,HJRes 54,105- 1,Cosponsor
125,John Baldacci,Democratic Party,Maine,HJRes 54,105- 1,Cosponsor
126,Roscoe G. Bartlett,Republican Party,Maryland,HJRes 54,105- 1,Cosponsor
127,Robert L. Ehrlich Jr.,Republican Party,Maryland,HJRes 54,105- 1,Cosponsor
128,Albert Russell Wynn,Democratic Party,Maryland,HJRes 54,105- 1,Cosponsor
129,Joseph Patrick Kennedy II,Democratic Party,Massachusetts,HJRes 54,105- 1,Cosponsor
130,William D. Delahunt,Democratic Party,Massachusetts,HJRes 54,105- 1,Cosponsor
131,James P. McGovern,Democratic Party,Massachusetts,HJRes 54,105- 1,Cosponsor
132,John Joseph Moakley,Democratic Party,Massachusetts,HJRes 54,105- 1,Cosponsor
133,James A. Barcia,Democratic Party,Michigan,HJRes 54,105- 1,Cosponsor
134,Dave Lee Camp,Republican Party,Michigan,HJRes 54,105- 1,Cosponsor
135,Joseph K. Knollenberg,Republican Party,Michigan,HJRes 54,105- 1,Cosponsor
136,Bart T. Stupak,Democratic Party,Michigan,HJRes 54,105- 1,Cosponsor
137,Dale E. Kildee,Democratic Party,Michigan,HJRes 54,105- 1,Cosponsor
138,Debbie Ann Stabenow,Democratic Party,Michigan,HJRes 54,105- 1,Cosponsor
139,Fred Stephen Upton,Republican Party,Michigan,HJRes 54,105- 1,Cosponsor
140,Nick Smith,Republican Party,Michigan,HJRes 54,105- 1,Cosponsor
141,Gilbert W. Gutknecht,Republican Party,Minnesota,HJRes 54,105- 1,Cosponsor
142,Collin Clark Peterson,Democratic Party,Minnesota,HJRes 54,105- 1,Cosponsor
143,James M. Ramstad,Republican Party,Minnesota,HJRes 54,105- 1,Cosponsor
144,William Luther,Democratic Party,Minnesota,HJRes 54,105- 1,Cosponsor
145,Michael Parker,Republican Party,Mississippi,HJRes 54,105- 1,Cosponsor
146,Charles W. Pickering Jr.,Republican Party,Mississippi,HJRes 54,105- 1,Cosponsor
147,Gene Taylor,Democratic Party,Mississippi,HJRes 54,105- 1,Cosponsor
148,Roger F. Wicker,Republican Party,Mississippi,HJRes 54,105- 1,Cosponsor
149,Bennie G. Thompson,Democratic Party,Mississippi,HJRes 54,105- 1,Cosponsor
150,Roy Blunt,Republican Party,Missouri,HJRes 54,105- 1,Cosponsor
151,Pat Danner,Democratic Party,Missouri,HJRes 54,105- 1,Cosponsor
152,Jo Ann H. Emerson,Republican Party,Missouri,HJRes 54,105- 1,Cosponsor
153,Kenny C. Hulshof,Republican Party,Missouri,HJRes 54,105- 1,Cosponsor
154,Ike Skelton,Democratic Party,Missouri,HJRes 54,105- 1,Cosponsor
155,James M. Talent,Republican Party,Missouri,HJRes 54,105- 1,Cosponsor
156,Rick Hill,Republican Party,Montana,HJRes 54,105- 1,Cosponsor
157,Bill Barrett,Republican Party,Nebraska,HJRes 54,105- 1,Cosponsor
158,Douglas K. Bereuter,Republican Party,Nebraska,HJRes 54,105- 1,Cosponsor
159,Jon Lynn Christensen,Republican Party,Nebraska,HJRes 54,105- 1,Cosponsor
160,John Eric Ensign,Republican Party,Nevada,HJRes 54,105- 1,Cosponsor
161,James A. Gibbons,Republican Party,Nevada,HJRes 54,105- 1,Cosponsor
162,Charles F. Bass,Republican Party,New Hampshire,HJRes 54,105- 1,Cosponsor
163,John E. Sununu,Republican Party,New Hampshire,HJRes 54,105- 1,Cosponsor
164,Robert E. Andrews,Democratic Party,New Jersey,HJRes 54,105- 1,Cosponsor
165,Bob Franks,Republican Party,New Jersey,HJRes 54,105- 1,Cosponsor
166,Rodney P. Frelinghuysen,Republican Party,New Jersey,HJRes 54,105- 1,Cosponsor
167,Frank A. LoBiondo,Republican Party,New Jersey,HJRes 54,105- 1,Cosponsor
168,Robert Menendez,Democratic Party,New Jersey,HJRes 54,105- 1,Cosponsor
169,Frank J. Pallone Jr.,Democratic Party,New Jersey,HJRes 54,105- 1,Cosponsor
170,Michael James Pappas,Republican Party,New Jersey,HJRes 54,105- 1,Cosponsor
171,Steven R. Rothman,Democratic Party,New Jersey,HJRes 54,105- 1,Cosponsor
172,H. James Saxton,Republican Party,New Jersey,HJRes 54,105- 1,Cosponsor
173,Christopher H. Smith,Republican Party,New Jersey,HJRes 54,105- 1,Cosponsor
174,Bill J. Pascrell Jr.,Democratic Party,New Jersey,HJRes 54,105- 1,Cosponsor
175,Marge Roukema,Republican Party,New Jersey,HJRes 54,105- 1,Cosponsor
176,Steven Harvey Schiff,Republican Party,New Mexico,HJRes 54,105- 1,Cosponsor
177,Joseph Skeen,Republican Party,New Mexico,HJRes 54,105- 1,Cosponsor
178,William Thomas Redmond,Republican Party,New Mexico,HJRes 54,105- 1,Cosponsor
179,Sherwood L. Boehlert,Republican Party,New York,HJRes 54,105- 1,Cosponsor
180,Michael P. Forbes,Republican Party,New York,HJRes 54,105- 1,Cosponsor
181,Sue W. Kelly,Republican Party,New York,HJRes 54,105- 1,Cosponsor
182,Peter T. King,Republican Party,New York,HJRes 54,105- 1,Cosponsor
183,Thomas J. Manton,Democratic Party,New York,HJRes 54,105- 1,Cosponsor
184,John M. McHugh,Republican Party,New York,HJRes 54,105- 1,Cosponsor
185,Michael R. McNulty,Democratic Party,New York,HJRes 54,105- 1,Cosponsor
186,Susan Molinari,Republican Party,New York,HJRes 54,105- 1,Cosponsor
187,L. William Paxon,Republican Party,New York,HJRes 54,105- 1,Cosponsor
188,Jack Quinn,Republican Party,New York,HJRes 54,105- 1,Cosponsor
189,Edolphus Towns,Democratic Party,New York,HJRes 54,105- 1,Cosponsor
190,James T. Walsh,Republican Party,New York,HJRes 54,105- 1,Cosponsor
191,Rick A. Lazio,Republican Party,New York,HJRes 54,105- 1,Cosponsor
192,Benjamin Gilman,Republican Party,New York,HJRes 54,105- 1,Cosponsor
193,Carolyn McCarthy,Democratic Party,New York,HJRes 54,105- 1,Cosponsor
194,Amory Houghton Jr.,Republican Party,New York,HJRes 54,105- 1,Cosponsor
195,Cass Ballenger,Republican Party,North Carolina,HJRes 54,105- 1,Cosponsor
196,Richard M. Burr,Republican Party,North Carolina,HJRes 54,105- 1,Cosponsor
197,Howard Coble,Republican Party,North Carolina,HJRes 54,105- 1,Cosponsor
198,Sue W. Myrick,Republican Party,North Carolina,HJRes 54,105- 1,Cosponsor
199,Charles H. Taylor,Republican Party,North Carolina,HJRes 54,105- 1,Cosponsor
200,Walter B. Jones Jr.,Republican Party,North Carolina,HJRes 54,105- 1,Cosponsor
201,Willie Gathrel Hefner,Democratic Party,North Carolina,HJRes 54,105- 1,Cosponsor
202,Eva Clayton,Democratic Party,North Carolina,HJRes 54,105- 1,Cosponsor
203,Bob R. Etheridge,Democratic Party,North Carolina,HJRes 54,105- 1,Cosponsor
204,Mike McIntyre,Democratic Party,North Carolina,HJRes 54,105- 1,Cosponsor
205,Earl Ralph Pomeroy,Democratic Party,North Dakota,HJRes 54,105- 1,Cosponsor
206,John A. Boehner,Republican Party,Ohio,HJRes 54,105- 1,Cosponsor
207,Steve J. Chabot,Republican Party,Ohio,HJRes 54,105- 1,Cosponsor
208,Paul E. Gillmor,Republican Party,Ohio,HJRes 54,105- 1,Cosponsor
209,Steven C. LaTourette,Republican Party,Ohio,HJRes 54,105- 1,Cosponsor
210,Robert William Ney,Republican Party,Ohio,HJRes 54,105- 1,Cosponsor
211,Michael G. Oxley,Republican Party,Ohio,HJRes 54,105- 1,Cosponsor
212,James A. Traficant Jr.,Democratic Party,Ohio,HJRes 54,105- 1,Cosponsor
213,Robert J. Portman,Republican Party,Ohio,HJRes 54,105- 1,Cosponsor
214,John R. Kasich,Republican Party,Ohio,HJRes 54,105- 1,Cosponsor
215,David Lee Hobson,Republican Party,Ohio,HJRes 54,105- 1,Cosponsor
216,Thomas A. Coburn,Republican Party,Oklahoma,HJRes 54,105- 1,Cosponsor
217,Steve Largent,Republican Party,Oklahoma,HJRes 54,105- 1,Cosponsor
218,Frank D. Lucas,Republican Party,Oklahoma,HJRes 54,105- 1,Cosponsor
219,Wes Watkins,Republican Party,Oklahoma,HJRes 54,105- 1,Cosponsor
220,J.C. Watts,Republican Party,Oklahoma,HJRes 54,105- 1,Cosponsor
221,Ernest J. Istook Jr.,Republican Party,Oklahoma,HJRes 54,105- 1,Cosponsor
222,Robert Freeman Smith,Republican Party,Oregon,HJRes 54,105- 1,Cosponsor
223,Michael F. Doyle Jr.,Democratic Party,Pennsylvania,HJRes 54,105- 1,Cosponsor
224,Philip English,Republican Party,Pennsylvania,HJRes 54,105- 1,Cosponsor
225,Jon D. Fox,Republican Party,Pennsylvania,HJRes 54,105- 1,Cosponsor
226,Tim Holden,Democratic Party,Pennsylvania,HJRes 54,105- 1,Cosponsor
227,Frank Mascara,Democratic Party,Pennsylvania,HJRes 54,105- 1,Cosponsor
228,Joseph Michael McDade,Republican Party,Pennsylvania,HJRes 54,105- 1,Cosponsor
229,John P. Murtha,Democratic Party,Pennsylvania,HJRes 54,105- 1,Cosponsor
230,Joseph R. Pitts,Republican Party,Pennsylvania,HJRes 54,105- 1,Cosponsor
231,Elmer Greinert Shuster,Republican Party,Pennsylvania,HJRes 54,105- 1,Cosponsor
232,W. Curtis Weldon,Republican Party,Pennsylvania,HJRes 54,105- 1,Cosponsor
233,John E. Peterson,Republican Party,Pennsylvania,HJRes 54,105- 1,Cosponsor
234,George W. Gekas,Republican Party,Pennsylvania,HJRes 54,105- 1,Cosponsor
235,Paul E. Kanjorski,Democratic Party,Pennsylvania,HJRes 54,105- 1,Cosponsor
236,William F. Goodling,Republican Party,Pennsylvania,HJRes 54,105- 1,Cosponsor
237,Lindsey O. Graham,Republican Party,South Carolina,HJRes 54,105- 1,Cosponsor
238,Floyd Spence,Republican Party,South Carolina,HJRes 54,105- 1,Cosponsor
239,Bob Inglis,Republican Party,South Carolina,HJRes 54,105- 1,Cosponsor
240,James E. Clyburn,Democratic Party,South Carolina,HJRes 54,105- 1,Cosponsor
241,Marshall Sanford,Republican Party,South Carolina,HJRes 54,105- 1,Cosponsor
242,John Thune,Republican Party,South Dakota,HJRes 54,105- 1,Cosponsor
243,Ed Bryant,Republican Party,Tennessee,HJRes 54,105- 1,Cosponsor
244,Van Hilleary,Republican Party,Tennessee,HJRes 54,105- 1,Cosponsor
245,William Lewis Jenkins,Republican Party,Tennessee,HJRes 54,105- 1,Cosponsor
246,Zach Wamp,Republican Party,Tennessee,HJRes 54,105- 1,Cosponsor
247,Robert Clement,Democratic Party,Tennessee,HJRes 54,105- 1,Cosponsor
248,Bill Archer,Republican Party,Texas,HJRes 54,105- 1,Cosponsor
249,Joe Linus Barton,Republican Party,Texas,HJRes 54,105- 1,Cosponsor
250,Larry Combest,Republican Party,Texas,HJRes 54,105- 1,Cosponsor
251,Thomas Dale DeLay,Republican Party,Texas,HJRes 54,105- 1,Cosponsor
252,Thomas Edwards,Democratic Party,Texas,HJRes 54,105- 1,Cosponsor
253,Jonas Frost III,Democratic Party,Texas,HJRes 54,105- 1,Cosponsor
254,Kay Granger,Republican Party,Texas,HJRes 54,105- 1,Cosponsor
255,Gene Eugene Green,Democratic Party,Texas,HJRes 54,105- 1,Cosponsor
256,Ralph M. Hall,Democratic Party,Texas,HJRes 54,105- 1,Cosponsor
257,Rubén E. Hinojosa,Democratic Party,Texas,HJRes 54,105- 1,Cosponsor
258,Solomon P. Ortiz,Democratic Party,Texas,HJRes 54,105- 1,Cosponsor
259,Silvestre Reyes,Democratic Party,Texas,HJRes 54,105- 1,Cosponsor
260,Max A. Sandlin Jr.,Democratic Party,Texas,HJRes 54,105- 1,Cosponsor
261,Charles W. Stenholm,Democratic Party,Texas,HJRes 54,105- 1,Cosponsor
262,James Turner,Democratic Party,Texas,HJRes 54,105- 1,Cosponsor
263,Kevin P. Brady,Republican Party,Texas,HJRes 54,105- 1,Cosponsor
264,Pete A. Sessions,Republican Party,Texas,HJRes 54,105- 1,Cosponsor
265,Mac M. Thornberry,Republican Party,Texas,HJRes 54,105- 1,Cosponsor
266,Henry Bonilla,Republican Party,Texas,HJRes 54,105- 1,Cosponsor
267,Lamar S. Smith,Republican Party,Texas,HJRes 54,105- 1,Cosponsor
268,Ciro D. Rodriguez,Democratic Party,Texas,HJRes 54,105- 1,Cosponsor
269,Christopher B. Cannon,Republican Party,Utah,HJRes 54,105- 1,Cosponsor
270,James V. Hansen,Republican Party,Utah,HJRes 54,105- 1,Cosponsor
271,Merrill Cook,Republican Party,Utah,HJRes 54,105- 1,Cosponsor
272,Herbert H. Bateman,Republican Party,Virginia,HJRes 54,105- 1,Cosponsor
273,Tom Bliley,Republican Party,Virginia,HJRes 54,105- 1,Cosponsor
274,Thomas M. Davis III,Republican Party,Virginia,HJRes 54,105- 1,Cosponsor
275,Virgil H. Goode Jr.,Democratic Party,Virginia,HJRes 54,105- 1,Cosponsor
276,Bob W. Goodlatte,Republican Party,Virginia,HJRes 54,105- 1,Cosponsor
277,Owen B. Pickett,Democratic Party,Virginia,HJRes 54,105- 1,Cosponsor
278,Norman Sisisky,Democratic Party,Virginia,HJRes 54,105- 1,Cosponsor
279,Frank R. Wolf,Republican Party,Virginia,HJRes 54,105- 1,Cosponsor
280,James P. Moran Jr.,Democratic Party,Virginia,HJRes 54,105- 1,Cosponsor
281,Doc Hastings,Republican Party,Washington,HJRes 54,105- 1,Cosponsor
282,Jack Metcalf,Republican Party,Washington,HJRes 54,105- 1,Cosponsor
283,George R. Nethercutt Jr.,Republican Party,Washington,HJRes 54,105- 1,Cosponsor
284,Linda Smith,Republican Party,Washington,HJRes 54,105- 1,Cosponsor
285,Jennifer B. Dunn,Republican Party,Washington,HJRes 54,105- 1,Cosponsor
286,Nick J. Rahall II,Democratic Party,West Virginia,HJRes 54,105- 1,Cosponsor
287,Robert E. Wise Jr.,Democratic Party,West Virginia,HJRes 54,105- 1,Cosponsor
288,Alan B. Mollohan,Democratic Party,West Virginia,HJRes 54,105- 1,Cosponsor
289,Mark W. Neumann,Republican Party,Wisconsin,HJRes 54,105- 1,Cosponsor
290,F. James Sensenbrenner Jr.,Republican Party,Wisconsin,HJRes 54,105- 1,Cosponsor
291,Scott L. Klug,Republican Party,Wisconsin,HJRes 54,105- 1,Cosponsor
292,Barbara L. Cubin,Republican Party,Wyoming,HJRes 54,105- 1,Cosponsor
293,Wayne T. Gilchrest,Republican Party,Maryland,HJRes 249,103- 1,Primary
294,H. L. Callahan,Republican Party,Alabama,HJRes 249,103- 1,Cosponsor
295,Terry Everett,Republican Party,Alabama,HJRes 249,103- 1,Cosponsor
296,Spencer Thomas Bachus III,Republican Party,Alabama,HJRes 249,103- 1,Cosponsor
297,Don E. Young,Republican Party,Alaska,HJRes 249,103- 1,Cosponsor
298,Robert Stump,Republican Party,Arizona,HJRes 249,103- 1,Cosponsor
299,Tim Hutchinson,Republican Party,Arkansas,HJRes 249,103- 1,Cosponsor
300,Randall H. Cunningham,Republican Party,California,HJRes 249,103- 1,Cosponsor
301,Robert Kenneth Dornan,Republican Party,California,HJRes 249,103- 1,Cosponsor
302,Jerry Lewis,Republican Party,California,HJRes 249,103- 1,Cosponsor
303,Carlos John Moorhead,Republican Party,California,HJRes 249,103- 1,Cosponsor
304,Ron Packard,Republican Party,California,HJRes 249,103- 1,Cosponsor
305,Howard P. McKeon,Republican Party,California,HJRes 249,103- 1,Cosponsor
306,Wayne A. Allard,Republican Party,Colorado,HJRes 249,103- 1,Cosponsor
307,Joel Hefley,Republican Party,Colorado,HJRes 249,103- 1,Cosponsor
308,Scott McInnis,Republican Party,Colorado,HJRes 249,103- 1,Cosponsor
309,Daniel Schaefer,Republican Party,Colorado,HJRes 249,103- 1,Cosponsor
310,Gary A. Franks,Republican Party,Connecticut,HJRes 249,103- 1,Cosponsor
311,Nancy Lee Johnson,Republican Party,Connecticut,HJRes 249,103- 1,Cosponsor
312,Michael Bilirakis,Republican Party,Florida,HJRes 249,103- 1,Cosponsor
313,Porter J. Goss,Republican Party,Florida,HJRes 249,103- 1,Cosponsor
314,Thomas F. Lewis,Republican Party,Florida,HJRes 249,103- 1,Cosponsor
315,Newton Leroy Gingrich,Republican Party,Georgia,HJRes 249,103- 1,Cosponsor
316,Jack Kingston,Republican Party,Georgia,HJRes 249,103- 1,Cosponsor
317,Thomas W. Ewing,Republican Party,Illinois,HJRes 249,103- 1,Cosponsor
318,J. Dennis Hastert,Republican Party,Illinois,HJRes 249,103- 1,Cosponsor
319,Henry John Hyde,Republican Party,Illinois,HJRes 249,103- 1,Cosponsor
320,John Edward Porter,Republican Party,Illinois,HJRes 249,103- 1,Cosponsor
321,Harris W. Fawell,Republican Party,Illinois,HJRes 249,103- 1,Cosponsor
322,James Ross Lightfoot,Republican Party,Iowa,HJRes 249,103- 1,Cosponsor
323,Jan Meyers,Republican Party,Kansas,HJRes 249,103- 1,Cosponsor
324,Pat Roberts,Republican Party,Kansas,HJRes 249,103- 1,Cosponsor
325,Jim Bunning,Republican Party,Kentucky,HJRes 249,103- 1,Cosponsor
326,Harold Rogers,Republican Party,Kentucky,HJRes 249,103- 1,Cosponsor
327,James Allison Hayes,Democratic Party,Louisiana,HJRes 249,103- 1,Cosponsor
328,Robert Linligthgow Livingston Jr.,Republican Party,Louisiana,HJRes 249,103- 1,Cosponsor
329,James O. McCrery III,Republican Party,Louisiana,HJRes 249,103- 1,Cosponsor
330,Roscoe G. Bartlett,Republican Party,Maryland,HJRes 249,103- 1,Cosponsor
331,Helen Delich Bentley,Republican Party,Maryland,HJRes 249,103- 1,Cosponsor
332,Constance Morella,Republican Party,Maryland,HJRes 249,103- 1,Cosponsor
333,Peter I. Blute,Republican Party,Massachusetts,HJRes 249,103- 1,Cosponsor
334,Dave Lee Camp,Republican Party,Michigan,HJRes 249,103- 1,Cosponsor
335,Joseph K. Knollenberg,Republican Party,Michigan,HJRes 249,103- 1,Cosponsor
336,Fred Stephen Upton,Republican Party,Michigan,HJRes 249,103- 1,Cosponsor
337,Rod Grams,Republican Party,Minnesota,HJRes 249,103- 1,Cosponsor
338,James M. Ramstad,Republican Party,Minnesota,HJRes 249,103- 1,Cosponsor
339,Norvell William Emerson,Republican Party,Missouri,HJRes 249,103- 1,Cosponsor
340,Melton D. Hancock,Republican Party,Missouri,HJRes 249,103- 1,Cosponsor
341,Bill Barrett,Republican Party,Nebraska,HJRes 249,103- 1,Cosponsor
342,William H. Zeliff Jr.,Republican Party,New Hampshire,HJRes 249,103- 1,Cosponsor
343,Dean Anderson Gallo,Republican Party,New Jersey,HJRes 249,103- 1,Cosponsor
344,H. James Saxton,Republican Party,New Jersey,HJRes 249,103- 1,Cosponsor
345,Christopher H. Smith,Republican Party,New Jersey,HJRes 249,103- 1,Cosponsor
346,Joseph Skeen,Republican Party,New Mexico,HJRes 249,103- 1,Cosponsor
347,Peter T. King,Republican Party,New York,HJRes 249,103- 1,Cosponsor
348,John M. McHugh,Republican Party,New York,HJRes 249,103- 1,Cosponsor
349,Jack Quinn,Republican Party,New York,HJRes 249,103- 1,Cosponsor
350,Gerald Brooks Hunt Solomon,Republican Party,New York,HJRes 249,103- 1,Cosponsor
351,Cass Ballenger,Republican Party,North Carolina,HJRes 249,103- 1,Cosponsor
352,Howard Coble,Republican Party,North Carolina,HJRes 249,103- 1,Cosponsor
353,"John Alexander, III McMillan",Republican Party,North Carolina,HJRes 249,103- 1,Cosponsor
354,Charles H. Taylor,Republican Party,North Carolina,HJRes 249,103- 1,Cosponsor
355,John A. Boehner,Republican Party,Ohio,HJRes 249,103- 1,Cosponsor
356,Paul E. Gillmor,Republican Party,Ohio,HJRes 249,103- 1,Cosponsor
357,David Lee Hobson,Republican Party,Ohio,HJRes 249,103- 1,Cosponsor
358,John R. Kasich,Republican Party,Ohio,HJRes 249,103- 1,Cosponsor
359,Michael G. Oxley,Republican Party,Ohio,HJRes 249,103- 1,Cosponsor
360,Deborah D. Pryce,Republican Party,Ohio,HJRes 249,103- 1,Cosponsor
361,Ralph Regula,Republican Party,Ohio,HJRes 249,103- 1,Cosponsor
362,James A. Traficant Jr.,Democratic Party,Ohio,HJRes 249,103- 1,Cosponsor
363,Robert J. Portman,Republican Party,Ohio,HJRes 249,103- 1,Cosponsor
364,James M. Inhofe,Republican Party,Oklahoma,HJRes 249,103- 1,Cosponsor
365,William Floyd Clinger Jr.,Republican Party,Pennsylvania,HJRes 249,103- 1,Cosponsor
366,George W. Gekas,Republican Party,Pennsylvania,HJRes 249,103- 1,Cosponsor
367,James C. Greenwood,Republican Party,Pennsylvania,HJRes 249,103- 1,Cosponsor
368,Richard J. Santorum,Republican Party,Pennsylvania,HJRes 249,103- 1,Cosponsor
369,W. Curtis Weldon,Republican Party,Pennsylvania,HJRes 249,103- 1,Cosponsor
370,Bob Inglis,Republican Party,South Carolina,HJRes 249,103- 1,Cosponsor
371,Floyd Spence,Republican Party,South Carolina,HJRes 249,103- 1,Cosponsor
372,John J. Duncan Jr.,Republican Party,Tennessee,HJRes 249,103- 1,Cosponsor
373,James Henry Quillen,Republican Party,Tennessee,HJRes 249,103- 1,Cosponsor
374,Donald Kenneth Sundquist,Republican Party,Tennessee,HJRes 249,103- 1,Cosponsor
375,Richard K. Armey,Republican Party,Texas,HJRes 249,103- 1,Cosponsor
376,Joe Linus Barton,Republican Party,Texas,HJRes 249,103- 1,Cosponsor
377,Larry Combest,Republican Party,Texas,HJRes 249,103- 1,Cosponsor
378,Thomas Dale DeLay,Republican Party,Texas,HJRes 249,103- 1,Cosponsor
379,Jack Milton Fields Jr.,Republican Party,Texas,HJRes 249,103- 1,Cosponsor
380,Sam Robert Johnson,Republican Party,Texas,HJRes 249,103- 1,Cosponsor
381,Gene Eugene Green,Democratic Party,Texas,HJRes 249,103- 1,Cosponsor
382,James V. Hansen,Republican Party,Utah,HJRes 249,103- 1,Cosponsor
383,Tom Bliley,Republican Party,Virginia,HJRes 249,103- 1,Cosponsor
384,Jennifer B. Dunn,Republican Party,Washington,HJRes 249,103- 1,Cosponsor
385,F. James Sensenbrenner Jr.,Republican Party,Wisconsin,HJRes 249,103- 1,Cosponsor
386,Craig Thomas,Republican Party,Wyoming,HJRes 249,103- 1,Cosponsor
387,Steve A. King,Republican Party,Iowa,HJRes 16,114- 1,Primary
388,Rob Woodall,Republican Party,Georgia,HJRes 16,114- 1,Cosponsor
389,Bill McCollum,Republican Party,Florida,HJRes 201,101- 1,Primary
390,Robert Stump,Republican Party,Arizona,HJRes 201,101- 1,Cosponsor
391,Norman David Shumway,Republican Party,California,HJRes 201,101- 1,Cosponsor
392,George Hanks Brown,Republican Party,Colorado,HJRes 201,101- 1,Cosponsor
393,Thomas Richard Carper,Democratic Party,Delaware,HJRes 201,101- 1,Cosponsor
394,Michael Bilirakis,Republican Party,Florida,HJRes 201,101- 1,Cosponsor
395,Harry A. Johnston II,Democratic Party,Florida,HJRes 201,101- 1,Cosponsor
396,Clifford B. Stearns,Republican Party,Florida,HJRes 201,101- 1,Cosponsor
397,James Ross Lightfoot,Republican Party,Iowa,HJRes 201,101- 1,Cosponsor
398,Helen Delich Bentley,Republican Party,Maryland,HJRes 201,101- 1,Cosponsor
399,Melton D. Hancock,Republican Party,Missouri,HJRes 201,101- 1,Cosponsor
400,"John Alexander, III McMillan",Republican Party,North Carolina,HJRes 201,101- 1,Cosponsor
401,Dennis Alan Smith,Republican Party,Oregon,HJRes 201,101- 1,Cosponsor
402,Arthur Ravenel Jr.,Republican Party,South Carolina,HJRes 201,101- 1,Cosponsor
403,James V. Hansen,Republican Party,Utah,HJRes 201,101- 1,Cosponsor
404,John Ripin Miller,Republican Party,Washington,HJRes 201,101- 1,Cosponsor
405,Steven Craig Gunderson,Republican Party,Wisconsin,HJRes 201,101- 1,Cosponsor
406,Jo Ann H. Emerson,Republican Party,Missouri,HR 69,107- 1,Primary
407,Bob Barr,Republican Party,Georgia,HR 69,107- 1,Cosponsor
408,Trent Franks,Republican Party,Arizona,HJRes 40,113- 1,Primary
409,Matt Salmon,Republican Party,Arizona,HJRes 40,113- 1,Cosponsor
410,David Schweikert,Republican Party,Arizona,HJRes 40,113- 1,Cosponsor
411,Jim Costa,Democratic Party,California,HJRes 40,113- 1,Cosponsor
412,Edward R. Royce,Republican Party,California,HJRes 40,113- 1,Cosponsor
413,Ken S. Calvert,Republican Party,California,HJRes 40,113- 1,Cosponsor
414,Alan S. Lowenthal,Democratic Party,California,HJRes 40,113- 1,Cosponsor
415,Eric Swalwell,Democratic Party,California,HJRes 40,113- 1,Cosponsor
416,Kevin Yoder,Republican Party,Kansas,HJRes 40,113- 1,Cosponsor
417,John Fleming,Republican Party,Louisiana,HJRes 40,113- 1,Cosponsor
418,C. A. Dutch Ruppersberger,Democratic Party,Maryland,HJRes 40,113- 1,Cosponsor
419,Kerry L. Bentivolio,Republican Party,Michigan,HJRes 40,113- 1,Cosponsor
420,Alan Nunnelee,Republican Party,Mississippi,HJRes 40,113- 1,Cosponsor
421,Mark Meadows,Republican Party,North Carolina,HJRes 40,113- 1,Cosponsor
422,Walter B. Jones Jr.,Republican Party,North Carolina,HJRes 40,113- 1,Cosponsor
423,Kevin Cramer,Republican Party,North Dakota,HJRes 40,113- 1,Cosponsor
424,Steve J. Chabot,Republican Party,Ohio,HJRes 40,113- 1,Cosponsor
425,Tom Marino,Republican Party,Pennsylvania,HJRes 40,113- 1,Cosponsor
426,Gene Eugene Green,Democratic Party,Texas,HJRes 40,113- 1,Cosponsor
427,William Donlon Edwards,Democratic Party,California,HJRes 1,103- 1,Primary
428,Anthony Charles Beilenson,Democratic Party,California,HJRes 1,103- 1,Cosponsor
429,Howard L. Berman,Democratic Party,California,HJRes 1,103- 1,Cosponsor
430,Ronald Vernie Dellums,Democratic Party,California,HJRes 1,103- 1,Cosponsor
431,Victor Herbert Fazio Jr.,Democratic Party,California,HJRes 1,103- 1,Cosponsor
432,Tom Lantos,Democratic Party,California,HJRes 1,103- 1,Cosponsor
433,Robert T. Matsui,Democratic Party,California,HJRes 1,103- 1,Cosponsor
434,Norman Yoshio Mineta,Democratic Party,California,HJRes 1,103- 1,Cosponsor
435,Leon Edward Panetta,Democratic Party,California,HJRes 1,103- 1,Cosponsor
436,Fortney H. Stark,Democratic Party,California,HJRes 1,103- 1,Cosponsor
437,Calvin M. Dooley,Democratic Party,California,HJRes 1,103- 1,Cosponsor
438,Lynn C. Woolsey,Democratic Party,California,HJRes 1,103- 1,Cosponsor
439,Bob Filner,Democratic Party,California,HJRes 1,103- 1,Cosponsor
440,Gary Condit,Democratic Party,California,HJRes 1,103- 1,Cosponsor
441,Xavier Becerra,Democratic Party,California,HJRes 1,103- 1,Cosponsor
442,Patricia Scott Schroeder,Democratic Party,Colorado,HJRes 1,103- 1,Cosponsor
443,Sam Gejdenson,Democratic Party,Connecticut,HJRes 1,103- 1,Cosponsor
444,Barbara Bailey Kennelly,Democratic Party,Connecticut,HJRes 1,103- 1,Cosponsor
445,Christopher H. Shays,Republican Party,Connecticut,HJRes 1,103- 1,Cosponsor
446,James Bacchus,Democratic Party,Florida,HJRes 1,103- 1,Cosponsor
447,Peter Deutsch,Democratic Party,Florida,HJRes 1,103- 1,Cosponsor
448,Harry A. Johnston II,Democratic Party,Florida,HJRes 1,103- 1,Cosponsor
449,Carrie Meek,Democratic Party,Florida,HJRes 1,103- 1,Cosponsor
450,Patsy Takemoto Mink,Democratic Party,Hawaii,HJRes 1,103- 1,Cosponsor
451,Neil Abercrombie,Democratic Party,Hawaii,HJRes 1,103- 1,Cosponsor
452,Lane A. Evans,Democratic Party,Illinois,HJRes 1,103- 1,Cosponsor
453,Andrew Jacobs Jr.,Democratic Party,Indiana,HJRes 1,103- 1,Cosponsor
454,Olympia J. Snowe,Republican Party,Maine,HJRes 1,103- 1,Cosponsor
455,Thomas Hiram Andrews,Democratic Party,Maine,HJRes 1,103- 1,Cosponsor
456,Constance Morella,Republican Party,Maryland,HJRes 1,103- 1,Cosponsor
457,Barney Frank,Democratic Party,Massachusetts,HJRes 1,103- 1,Cosponsor
458,Edward J. Markey,Democratic Party,Massachusetts,HJRes 1,103- 1,Cosponsor
459,Martin T. Meehan,Democratic Party,Massachusetts,HJRes 1,103- 1,Cosponsor
460,Gerry Eastman Studds,Democratic Party,Massachusetts,HJRes 1,103- 1,Cosponsor
461,John Conyers Jr.,Democratic Party,Michigan,HJRes 1,103- 1,Cosponsor
462,Dale E. Kildee,Democratic Party,Michigan,HJRes 1,103- 1,Cosponsor
463,William David Ford,Democratic Party,Michigan,HJRes 1,103- 1,Cosponsor
464,Milton Robert Carr,Democratic Party,Michigan,HJRes 1,103- 1,Cosponsor
465,Barbara-Rose Collins,Democratic Party,Michigan,HJRes 1,103- 1,Cosponsor
466,Martin Olav Sabo,Democratic Party,Minnesota,HJRes 1,103- 1,Cosponsor
467,William Lacy Clay Sr.,Democratic Party,Missouri,HJRes 1,103- 1,Cosponsor
468,Alan Dupree Wheat,Democratic Party,Missouri,HJRes 1,103- 1,Cosponsor
469,Robert E. Andrews,Democratic Party,New Jersey,HJRes 1,103- 1,Cosponsor
470,William John Hughes,Democratic Party,New Jersey,HJRes 1,103- 1,Cosponsor
471,Richard Zimmer,Republican Party,New Jersey,HJRes 1,103- 1,Cosponsor
472,Robert Menendez,Democratic Party,New Jersey,HJRes 1,103- 1,Cosponsor
473,Gary L. Ackerman,Democratic Party,New York,HJRes 1,103- 1,Cosponsor
474,Jerrold L. Nadler,Democratic Party,New York,HJRes 1,103- 1,Cosponsor
475,Louise McIntosh Slaughter,Democratic Party,New York,HJRes 1,103- 1,Cosponsor
476,Edolphus Towns,Democratic Party,New York,HJRes 1,103- 1,Cosponsor
477,Carolyn B. Maloney,Democratic Party,New York,HJRes 1,103- 1,Cosponsor
478,James T. Walsh,Republican Party,New York,HJRes 1,103- 1,Cosponsor
479,Charles B. Rangel,Democratic Party,New York,HJRes 1,103- 1,Cosponsor
480,Charles E. Schumer,Democratic Party,New York,HJRes 1,103- 1,Cosponsor
481,George Joseph Hochbrueckner,Democratic Party,New York,HJRes 1,103- 1,Cosponsor
482,Maurice D. Hinchey,Democratic Party,New York,HJRes 1,103- 1,Cosponsor
483,Melvin L. Watt,Democratic Party,North Carolina,HJRes 1,103- 1,Cosponsor
484,Tony P. Hall,Democratic Party,Ohio,HJRes 1,103- 1,Cosponsor
485,Marcy Kaptur,Democratic Party,Ohio,HJRes 1,103- 1,Cosponsor
486,Eric D. Fingerhut,Democratic Party,Ohio,HJRes 1,103- 1,Cosponsor
487,Peter A. DeFazio,Democratic Party,Oregon,HJRes 1,103- 1,Cosponsor
488,Michael J. Kopetski,Democratic Party,Oregon,HJRes 1,103- 1,Cosponsor
489,Elizabeth Furse,Democratic Party,Oregon,HJRes 1,103- 1,Cosponsor
490,Thomas Michael Foglietta,Democratic Party,Pennsylvania,HJRes 1,103- 1,Cosponsor
491,Ronald K. Machtley,Republican Party,Rhode Island,HJRes 1,103- 1,Cosponsor
492,Michael Allen Andrews,Democratic Party,Texas,HJRes 1,103- 1,Cosponsor
493,Ronald D’Emory Coleman,Democratic Party,Texas,HJRes 1,103- 1,Cosponsor
494,Jonas Frost III,Democratic Party,Texas,HJRes 1,103- 1,Cosponsor
495,John Wiley Bryant,Democratic Party,Texas,HJRes 1,103- 1,Cosponsor
496,Eddie Bernice Johnson,Democratic Party,Texas,HJRes 1,103- 1,Cosponsor
497,Frederick C. Boucher,Democratic Party,Virginia,HJRes 1,103- 1,Cosponsor
498,James P. Moran Jr.,Democratic Party,Virginia,HJRes 1,103- 1,Cosponsor
499,Robert C. Scott,Democratic Party,Virginia,HJRes 1,103- 1,Cosponsor
500,Leslie Larkin Byrne,Democratic Party,Virginia,HJRes 1,103- 1,Cosponsor
501,Norman D. Dicks,Democratic Party,Washington,HJRes 1,103- 1,Cosponsor
502,Allan Byron Swift,Democratic Party,Washington,HJRes 1,103- 1,Cosponsor
503,Jolene Unsoeld,Democratic Party,Washington,HJRes 1,103- 1,Cosponsor
504,Myron Bradford Kreidler,Democratic Party,Washington,HJRes 1,103- 1,Cosponsor
505,Edward M. Kennedy,Democratic Party,Massachusetts,SJRes 40,103- 1,Primary
506,Dennis Webster DeConcini,Democratic Party,Arizona,SJRes 40,103- 1,Cosponsor
507,Barbara Boxer,Democratic Party,California,SJRes 40,103- 1,Cosponsor
508,Dianne Feinstein,Democratic Party,California,SJRes 40,103- 1,Cosponsor
509,George Hanks Brown,Republican Party,Colorado,SJRes 40,103- 1,Cosponsor
510,Ben Nighthorse Campbell,Republican Party,Colorado,SJRes 40,103- 1,Cosponsor
511,Christopher J. Dodd,Democratic Party,Connecticut,SJRes 40,103- 1,Cosponsor
512,Joseph I. Lieberman,Democratic Party,Connecticut,SJRes 40,103- 1,Cosponsor
513,Joseph R. Biden Jr.,Democratic Party,Delaware,SJRes 40,103- 1,Cosponsor
514,Bob Graham,Democratic Party,Florida,SJRes 40,103- 1,Cosponsor
515,Daniel Kahikina Akaka,Democratic Party,Hawaii,SJRes 40,103- 1,Cosponsor
516,Carol Moseley Braun,Democratic Party,Illinois,SJRes 40,103- 1,Cosponsor
517,Paul Martin Simon,Democratic Party,Illinois,SJRes 40,103- 1,Cosponsor
518,Thomas Harkin,Democratic Party,Iowa,SJRes 40,103- 1,Cosponsor
519,Nancy Landon Kassebaum,Republican Party,Kansas,SJRes 40,103- 1,Cosponsor
520,John Bennett Johnston Jr.,Democratic Party,Louisiana,SJRes 40,103- 1,Cosponsor
521,William Sebastian Cohen,Republican Party,Maine,SJRes 40,103- 1,Cosponsor
522,George John Mitchell,Democratic Party,Maine,SJRes 40,103- 1,Cosponsor
523,Barbara A. Mikulski,Democratic Party,Maryland,SJRes 40,103- 1,Cosponsor
524,Paul S. Sarbanes,Democratic Party,Maryland,SJRes 40,103- 1,Cosponsor
525,John Forbes Kerry,Democratic Party,Massachusetts,SJRes 40,103- 1,Cosponsor
526,Carl Levin,Democratic Party,Michigan,SJRes 40,103- 1,Cosponsor
527,Donald Wayne Riegle Jr.,Democratic Party,Michigan,SJRes 40,103- 1,Cosponsor
528,David Ferdinand Durenberger,Republican Party,Minnesota,SJRes 40,103- 1,Cosponsor
529,Paul David Wellstone,Democratic Party,Minnesota,SJRes 40,103- 1,Cosponsor
530,John Claggett Danforth,Republican Party,Missouri,SJRes 40,103- 1,Cosponsor
531,Max S. Baucus,Democratic Party,Montana,SJRes 40,103- 1,Cosponsor
532,William Warren Bradley,Democratic Party,New Jersey,SJRes 40,103- 1,Cosponsor
533,Frank R. Lautenberg,Democratic Party,New Jersey,SJRes 40,103- 1,Cosponsor
534,Jeff Bingaman,Democratic Party,New Mexico,SJRes 40,103- 1,Cosponsor
535,Daniel Patrick Moynihan,Democratic Party,New York,SJRes 40,103- 1,Cosponsor
536,Kent Kent Conrad,Democratic Party,North Dakota,SJRes 40,103- 1,Cosponsor
537,Byron L. Dorgan,Democratic Party,North Dakota,SJRes 40,103- 1,Cosponsor
538,John Herschel Glenn Jr.,Democratic Party,Ohio,SJRes 40,103- 1,Cosponsor
539,Howard Morton Metzenbaum,Democratic Party,Ohio,SJRes 40,103- 1,Cosponsor
540,David Lyle Boren,Democratic Party,Oklahoma,SJRes 40,103- 1,Cosponsor
541,Mark Odom Hatfield,Republican Party,Oregon,SJRes 40,103- 1,Cosponsor
542,Robert William Packwood,Republican Party,Oregon,SJRes 40,103- 1,Cosponsor
543,Arlen Specter,Republican Party,Pennsylvania,SJRes 40,103- 1,Cosponsor
544,John Hubbard Chafee,Republican Party,Rhode Island,SJRes 40,103- 1,Cosponsor
545,Claiborne de Borda Pell,Democratic Party,Rhode Island,SJRes 40,103- 1,Cosponsor
546,Ernest F. Hollings,Democratic Party,South Carolina,SJRes 40,103- 1,Cosponsor
547,Thomas A. Daschle,Democratic Party,South Dakota,SJRes 40,103- 1,Cosponsor
548,Robert Charles Krueger,Democratic Party,Texas,SJRes 40,103- 1,Cosponsor
549,James M. Jeffords,Republican Party,Vermont,SJRes 40,103- 1,Cosponsor
550,Patrick J. Leahy,Democratic Party,Vermont,SJRes 40,103- 1,Cosponsor
551,Charles S. Robb,Democratic Party,Virginia,SJRes 40,103- 1,Cosponsor
552,Patty Murray,Democratic Party,Washington,SJRes 40,103- 1,Cosponsor
553,John D. Rockefeller IV,Democratic Party,West Virginia,SJRes 40,103- 1,Cosponsor
554,Russell D. Feingold,Democratic Party,Wisconsin,SJRes 40,103- 1,Cosponsor
555,Theodore E. Deutch,Democratic Party,Florida,HJRes 119,113- 2,Primary
556,Terri A. Sewell,Democratic Party,Alabama,HJRes 119,113- 2,Cosponsor
557,Raúl M. Grijalva,Democratic Party,Arizona,HJRes 119,113- 2,Cosponsor
558,Sam Farr,Democratic Party,California,HJRes 119,113- 2,Cosponsor
559,Jackie Speier,Democratic Party,California,HJRes 119,113- 2,Cosponsor
560,Anna G. Eshoo,Democratic Party,California,HJRes 119,113- 2,Cosponsor
561,Brad J. Sherman,Democratic Party,California,HJRes 119,113- 2,Cosponsor
562,Jared Huffman,Democratic Party,California,HJRes 119,113- 2,Cosponsor
563,John Garamendi,Democratic Party,California,HJRes 119,113- 2,Cosponsor
564,Nancy Pelosi,Democratic Party,California,HJRes 119,113- 2,Cosponsor
565,Maxine Waters,Democratic Party,California,HJRes 119,113- 2,Cosponsor
566,Zoe Lofgren,Democratic Party,California,HJRes 119,113- 2,Cosponsor
567,Doris O. Matsui,Democratic Party,California,HJRes 119,113- 2,Cosponsor
568,Janice Hahn,Democratic Party,California,HJRes 119,113- 2,Cosponsor
569,Barbara Lee,Democratic Party,California,HJRes 119,113- 2,Cosponsor
570,Mike Michael Thompson,Democratic Party,California,HJRes 119,113- 2,Cosponsor
571,Michael M. Honda,Democratic Party,California,HJRes 119,113- 2,Cosponsor
572,George Miller,Democratic Party,California,HJRes 119,113- 2,Cosponsor
573,Eric Swalwell,Democratic Party,California,HJRes 119,113- 2,Cosponsor
574,Julia Brownley,Democratic Party,California,HJRes 119,113- 2,Cosponsor
575,Xavier Becerra,Democratic Party,California,HJRes 119,113- 2,Cosponsor
576,Susan A. Davis,Democratic Party,California,HJRes 119,113- 2,Cosponsor
577,Adam B. Schiff,Democratic Party,California,HJRes 119,113- 2,Cosponsor
578,Alan S. Lowenthal,Democratic Party,California,HJRes 119,113- 2,Cosponsor
579,Judy M. Chu,Democratic Party,California,HJRes 119,113- 2,Cosponsor
580,Mark Takano,Democratic Party,California,HJRes 119,113- 2,Cosponsor
581,Henry A. Waxman,Democratic Party,California,HJRes 119,113- 2,Cosponsor
582,Karen Bass,Democratic Party,California,HJRes 119,113- 2,Cosponsor
583,Grace F. Napolitano,Democratic Party,California,HJRes 119,113- 2,Cosponsor
584,Lucille Roybal-Allard,Democratic Party,California,HJRes 119,113- 2,Cosponsor
585,Scott H. Peters,Democratic Party,California,HJRes 119,113- 2,Cosponsor
586,Ed Perlmutter,Democratic Party,Colorado,HJRes 119,113- 2,Cosponsor
587,James A. Himes,Democratic Party,Connecticut,HJRes 119,113- 2,Cosponsor
588,John B. Larson,Democratic Party,Connecticut,HJRes 119,113- 2,Cosponsor
589,Rosa L. DeLauro,Democratic Party,Connecticut,HJRes 119,113- 2,Cosponsor
590,Joe Courtney,Democratic Party,Connecticut,HJRes 119,113- 2,Cosponsor
591,Elizabeth H. Esty,Democratic Party,Connecticut,HJRes 119,113- 2,Cosponsor
592,John C. Carney,Democratic Party,Delaware,HJRes 119,113- 2,Cosponsor
593,Alcee L. Hastings,Democratic Party,Florida,HJRes 119,113- 2,Cosponsor
594,Alan Grayson,Democratic Party,Florida,HJRes 119,113- 2,Cosponsor
595,Debbie Wasserman Schultz,Democratic Party,Florida,HJRes 119,113- 2,Cosponsor
596,Frederica S. Wilson,Democratic Party,Florida,HJRes 119,113- 2,Cosponsor
597,Lois Frankel,Democratic Party,Florida,HJRes 119,113- 2,Cosponsor
598,Henry C. Johnson Jr.,Democratic Party,Georgia,HJRes 119,113- 2,Cosponsor
599,John R. Lewis,Democratic Party,Georgia,HJRes 119,113- 2,Cosponsor
600,Tulsi Gabbard,Democratic Party,Hawaii,HJRes 119,113- 2,Cosponsor
601,Bill Foster,Democratic Party,Illinois,HJRes 119,113- 2,Cosponsor
602,Janice D. Schakowsky,Democratic Party,Illinois,HJRes 119,113- 2,Cosponsor
603,Cheri Bustos,Democratic Party,Illinois,HJRes 119,113- 2,Cosponsor
604,Mike Quigley,Democratic Party,Illinois,HJRes 119,113- 2,Cosponsor
605,William L. Enyart,Democratic Party,Illinois,HJRes 119,113- 2,Cosponsor
606,Bradley S. Schneider,Democratic Party,Illinois,HJRes 119,113- 2,Cosponsor
607,John A. Yarmuth,Democratic Party,Kentucky,HJRes 119,113- 2,Cosponsor
608,Cedric L. Richmond,Democratic Party,Louisiana,HJRes 119,113- 2,Cosponsor
609,Chellie Pingree,Democratic Party,Maine,HJRes 119,113- 2,Cosponsor
610,C. A. Dutch Ruppersberger,Democratic Party,Maryland,HJRes 119,113- 2,Cosponsor
611,Donna F. Edwards,Democratic Party,Maryland,HJRes 119,113- 2,Cosponsor
612,Chris Van Hollen Jr.,Democratic Party,Maryland,HJRes 119,113- 2,Cosponsor
613,John P. Sarbanes,Democratic Party,Maryland,HJRes 119,113- 2,Cosponsor
614,Elijah E. Cummings,Democratic Party,Maryland,HJRes 119,113- 2,Cosponsor
615,Katherine M. Clark,Democratic Party,Massachusetts,HJRes 119,113- 2,Cosponsor
616,Michael E. Capuano,Democratic Party,Massachusetts,HJRes 119,113- 2,Cosponsor
617,Joseph P. Kennedy III,Democratic Party,Massachusetts,HJRes 119,113- 2,Cosponsor
618,James P. McGovern,Democratic Party,Massachusetts,HJRes 119,113- 2,Cosponsor
619,Niki S. Tsongas,Democratic Party,Massachusetts,HJRes 119,113- 2,Cosponsor
620,Stephen F. Lynch,Democratic Party,Massachusetts,HJRes 119,113- 2,Cosponsor
621,John Conyers Jr.,Democratic Party,Michigan,HJRes 119,113- 2,Cosponsor
622,Gary C. Peters,Democratic Party,Michigan,HJRes 119,113- 2,Cosponsor
623,Keith Maurice Ellison,Democratic Party,Minnesota,HJRes 119,113- 2,Cosponsor
624,Richard M. Nolan,Democratic Party,Minnesota,HJRes 119,113- 2,Cosponsor
625,Betty Louise McCollum,Democratic Party,Minnesota,HJRes 119,113- 2,Cosponsor
626,Collin Clark Peterson,Democratic Party,Minnesota,HJRes 119,113- 2,Cosponsor
627,Timothy James Walz,Democratic Party,Minnesota,HJRes 119,113- 2,Cosponsor
628,Wm. Lacy Clay Jr.,Democratic Party,Missouri,HJRes 119,113- 2,Cosponsor
629,Dina Titus,Democratic Party,Nevada,HJRes 119,113- 2,Cosponsor
630,Steven A. Horsford,Democratic Party,Nevada,HJRes 119,113- 2,Cosponsor
631,Ann M. Kuster,Democratic Party,New Hampshire,HJRes 119,113- 2,Cosponsor
632,Carol Shea-Porter,Democratic Party,New Hampshire,HJRes 119,113- 2,Cosponsor
633,Frank J. Pallone Jr.,Democratic Party,New Jersey,HJRes 119,113- 2,Cosponsor
634,Rush D. Holt,Democratic Party,New Jersey,HJRes 119,113- 2,Cosponsor
635,Donald M. Payne Jr.,Democratic Party,New Jersey,HJRes 119,113- 2,Cosponsor
636,Bill J. Pascrell Jr.,Democratic Party,New Jersey,HJRes 119,113- 2,Cosponsor
637,Michelle Lujan Grisham,Democratic Party,New Mexico,HJRes 119,113- 2,Cosponsor
638,Ben Ray Luján,Democratic Party,New Mexico,HJRes 119,113- 2,Cosponsor
639,Steve J. Israel,Democratic Party,New York,HJRes 119,113- 2,Cosponsor
640,José E. Serrano,Democratic Party,New York,HJRes 119,113- 2,Cosponsor
641,Gregory W. Meeks,Democratic Party,New York,HJRes 119,113- 2,Cosponsor
642,Timothy H. Bishop,Democratic Party,New York,HJRes 119,113- 2,Cosponsor
643,Eliot L. Engel,Democratic Party,New York,HJRes 119,113- 2,Cosponsor
644,Charles B. Rangel,Democratic Party,New York,HJRes 119,113- 2,Cosponsor
645,Louise McIntosh Slaughter,Democratic Party,New York,HJRes 119,113- 2,Cosponsor
646,Paul Tonko,Democratic Party,New York,HJRes 119,113- 2,Cosponsor
647,Joseph Crowley,Democratic Party,New York,HJRes 119,113- 2,Cosponsor
648,Nita M. Lowey,Democratic Party,New York,HJRes 119,113- 2,Cosponsor
649,Sean Patrick Maloney,Democratic Party,New York,HJRes 119,113- 2,Cosponsor
650,Grace Meng,Democratic Party,New York,HJRes 119,113- 2,Cosponsor
651,David E. Price,Democratic Party,North Carolina,HJRes 119,113- 2,Cosponsor
652,George Kenneth Butterfield Jr.,Democratic Party,North Carolina,HJRes 119,113- 2,Cosponsor
653,Marcia L. Fudge,Democratic Party,Ohio,HJRes 119,113- 2,Cosponsor
654,Tim J. Ryan,Democratic Party,Ohio,HJRes 119,113- 2,Cosponsor
655,Marcy Kaptur,Democratic Party,Ohio,HJRes 119,113- 2,Cosponsor
656,Joyce Beatty,Democratic Party,Ohio,HJRes 119,113- 2,Cosponsor
657,Earl Blumenauer,Democratic Party,Oregon,HJRes 119,113- 2,Cosponsor
658,Peter A. DeFazio,Democratic Party,Oregon,HJRes 119,113- 2,Cosponsor
659,Kurt Schrader,Democratic Party,Oregon,HJRes 119,113- 2,Cosponsor
660,Suzanne Bonamici,Democratic Party,Oregon,HJRes 119,113- 2,Cosponsor
661,Robert Alan Brady,Democratic Party,Pennsylvania,HJRes 119,113- 2,Cosponsor
662,Chaka Fattah,Democratic Party,Pennsylvania,HJRes 119,113- 2,Cosponsor
663,Michael F. Doyle Jr.,Democratic Party,Pennsylvania,HJRes 119,113- 2,Cosponsor
664,Matthew A. Cartwright,Democratic Party,Pennsylvania,HJRes 119,113- 2,Cosponsor
665,Allyson Y. Schwartz,Democratic Party,Pennsylvania,HJRes 119,113- 2,Cosponsor
666,James R. Langevin,Democratic Party,Rhode Island,HJRes 119,113- 2,Cosponsor
667,David N. Cicilline,Democratic Party,Rhode Island,HJRes 119,113- 2,Cosponsor
668,Steve Cohen,Democratic Party,Tennessee,HJRes 119,113- 2,Cosponsor
669,Gene Eugene Green,Democratic Party,Texas,HJRes 119,113- 2,Cosponsor
670,Sheila Jackson Lee,Democratic Party,Texas,HJRes 119,113- 2,Cosponsor
671,Lloyd A. Doggett,Democratic Party,Texas,HJRes 119,113- 2,Cosponsor
672,Beto O’Rourke,Democratic Party,Texas,HJRes 119,113- 2,Cosponsor
673,Eddie Bernice Johnson,Democratic Party,Texas,HJRes 119,113- 2,Cosponsor
674,Peter Welch,Democratic Party,Vermont,HJRes 119,113- 2,Cosponsor
675,James P. Moran Jr.,Democratic Party,Virginia,HJRes 119,113- 2,Cosponsor
676,Rick Larsen,Democratic Party,Washington,HJRes 119,113- 2,Cosponsor
677,Jim A. McDermott,Democratic Party,Washington,HJRes 119,113- 2,Cosponsor
678,Derek Kilmer,Democratic Party,Washington,HJRes 119,113- 2,Cosponsor
679,Denny Heck,Democratic Party,Washington,HJRes 119,113- 2,Cosponsor
680,Suzan K. DelBene,Democratic Party,Washington,HJRes 119,113- 2,Cosponsor
681,Adam Smith,Democratic Party,Washington,HJRes 119,113- 2,Cosponsor
682,Mark Pocan,Democratic Party,Wisconsin,HJRes 119,113- 2,Cosponsor
683,Gwen Moore,Democratic Party,Wisconsin,HJRes 119,113- 2,Cosponsor
684,Eleanor Holmes Norton,Democratic Party,the District of Columbia,HJRes 119,113- 2,Cosponsor
685,Paul C. Broun Jr.,Republican Party,Georgia,HJRes 50,111- 1,Primary
686,Mike Rogers,Republican Party,Alabama,HJRes 50,111- 1,Cosponsor
687,Robert B. Aderholt,Republican Party,Alabama,HJRes 50,111- 1,Cosponsor
688,Howard P. McKeon,Republican Party,California,HJRes 50,111- 1,Cosponsor
689,Duncan D. Hunter,Republican Party,California,HJRes 50,111- 1,Cosponsor
690,Brian P. Bilbray,Republican Party,California,HJRes 50,111- 1,Cosponsor
691,Jeff Miller,Republican Party,Florida,HJRes 50,111- 1,Cosponsor
692,Lynn A. Westmoreland,Republican Party,Georgia,HJRes 50,111- 1,Cosponsor
693,Phil Gingrey,Republican Party,Georgia,HJRes 50,111- 1,Cosponsor
694,James Marshall,Democratic Party,Georgia,HJRes 50,111- 1,Cosponsor
695,Dan L. Burton,Republican Party,Indiana,HJRes 50,111- 1,Cosponsor
696,Mark Edward Souder,Republican Party,Indiana,HJRes 50,111- 1,Cosponsor
697,Mike Pence,Republican Party,Indiana,HJRes 50,111- 1,Cosponsor
698,Stephen E. Buyer,Republican Party,Indiana,HJRes 50,111- 1,Cosponsor
699,Steve A. King,Republican Party,Iowa,HJRes 50,111- 1,Cosponsor
700,Todd Tiahrt,Republican Party,Kansas,HJRes 50,111- 1,Cosponsor
701,Jerry Moran,Republican Party,Kansas,HJRes 50,111- 1,Cosponsor
702,Ed Whitfield,Republican Party,Kentucky,HJRes 50,111- 1,Cosponsor
703,Rodney M. Alexander,Republican Party,Louisiana,HJRes 50,111- 1,Cosponsor
704,John Fleming,Republican Party,Louisiana,HJRes 50,111- 1,Cosponsor
705,Steve Joseph Scalise,Republican Party,Louisiana,HJRes 50,111- 1,Cosponsor
706,John Paul Kline,Republican Party,Minnesota,HJRes 50,111- 1,Cosponsor
707,Gene Taylor,Democratic Party,Mississippi,HJRes 50,111- 1,Cosponsor
708,Patrick T. McHenry,Republican Party,North Carolina,HJRes 50,111- 1,Cosponsor
709,Mike McIntyre,Democratic Party,North Carolina,HJRes 50,111- 1,Cosponsor
710,Jim Jordan,Republican Party,Ohio,HJRes 50,111- 1,Cosponsor
711,Robert E. Latta,Republican Party,Ohio,HJRes 50,111- 1,Cosponsor
712,Mary Fallin,Republican Party,Oklahoma,HJRes 50,111- 1,Cosponsor
713,Joseph R. Pitts,Republican Party,Pennsylvania,HJRes 50,111- 1,Cosponsor
714,Bill Shuster,Republican Party,Pennsylvania,HJRes 50,111- 1,Cosponsor
715,Marsha W. Blackburn,Republican Party,Tennessee,HJRes 50,111- 1,Cosponsor
716,David P. Roe,Republican Party,Tennessee,HJRes 50,111- 1,Cosponsor
717,Randy Neugebauer,Republican Party,Texas,HJRes 50,111- 1,Cosponsor
718,Kenny Ewell Marchant,Republican Party,Texas,HJRes 50,111- 1,Cosponsor
719,K. Michael Conaway,Republican Party,Texas,HJRes 50,111- 1,Cosponsor
720,Sam Robert Johnson,Republican Party,Texas,HJRes 50,111- 1,Cosponsor
721,Joe Linus Barton,Republican Party,Texas,HJRes 50,111- 1,Cosponsor
722,Eric I. Cantor,Republican Party,Virginia,HJRes 50,111- 1,Cosponsor
723,J. Randy Forbes,Republican Party,Virginia,HJRes 50,111- 1,Cosponsor
724,Cathy McMorris Rodgers,Republican Party,Washington,HJRes 50,111- 1,Cosponsor
725,Jeff Duncan,Republican Party,South Carolina,HJRes 98,113- 1,Primary
726,Matt Salmon,Republican Party,Arizona,HJRes 98,113- 1,Cosponsor
727,David Schweikert,Republican Party,Arizona,HJRes 98,113- 1,Cosponsor
728,Ron DeSantis,Republican Party,Florida,HJRes 98,113- 1,Cosponsor
729,Doug Collins,Republican Party,Georgia,HJRes 98,113- 1,Cosponsor
730,Garland Barr,Republican Party,Kentucky,HJRes 98,113- 1,Cosponsor
731,Kerry L. Bentivolio,Republican Party,Michigan,HJRes 98,113- 1,Cosponsor
732,Steve Daines,Republican Party,Montana,HJRes 98,113- 1,Cosponsor
733,Robert J. Wittman,Republican Party,Virginia,HJRes 98,113- 1,Cosponsor
734,Paul C. Broun Jr.,Republican Party,Georgia,HJRes 89,110- 2,Primary
735,Robert B. Aderholt,Republican Party,Alabama,HJRes 89,110- 2,Cosponsor
736,Mike Rogers,Republican Party,Alabama,HJRes 89,110- 2,Cosponsor
737,Trent Franks,Republican Party,Arizona,HJRes 89,110- 2,Cosponsor
738,Rick Renzi,Republican Party,Arizona,HJRes 89,110- 2,Cosponsor
739,Mike Ross,Democratic Party,Arkansas,HJRes 89,110- 2,Cosponsor
740,John Boozman,Republican Party,Arkansas,HJRes 89,110- 2,Cosponsor
741,Brian P. Bilbray,Republican Party,California,HJRes 89,110- 2,Cosponsor
742,Duncan L. Hunter,Republican Party,California,HJRes 89,110- 2,Cosponsor
743,Gary G. Miller,Republican Party,California,HJRes 89,110- 2,Cosponsor
744,George P. Radanovich,Republican Party,California,HJRes 89,110- 2,Cosponsor
745,Walter Herger,Republican Party,California,HJRes 89,110- 2,Cosponsor
746,Marilyn N. Musgrave,Republican Party,Colorado,HJRes 89,110- 2,Cosponsor
747,Tom C. Feeney,Republican Party,Florida,HJRes 89,110- 2,Cosponsor
748,Jeff Miller,Republican Party,Florida,HJRes 89,110- 2,Cosponsor
749,David J. Weldon Jr.,Republican Party,Florida,HJRes 89,110- 2,Cosponsor
750,Lynn A. Westmoreland,Republican Party,Georgia,HJRes 89,110- 2,Cosponsor
751,John Linder,Republican Party,Georgia,HJRes 89,110- 2,Cosponsor
752,Phil Gingrey,Republican Party,Georgia,HJRes 89,110- 2,Cosponsor
753,Sanford D. Bishop Jr.,Democratic Party,Georgia,HJRes 89,110- 2,Cosponsor
754,James Marshall,Democratic Party,Georgia,HJRes 89,110- 2,Cosponsor
755,Bill Sali,Republican Party,Idaho,HJRes 89,110- 2,Cosponsor
756,John M. Shimkus,Republican Party,Illinois,HJRes 89,110- 2,Cosponsor
757,Donald A. Manzullo,Republican Party,Illinois,HJRes 89,110- 2,Cosponsor
758,Dan L. Burton,Republican Party,Indiana,HJRes 89,110- 2,Cosponsor
759,Mark Edward Souder,Republican Party,Indiana,HJRes 89,110- 2,Cosponsor
760,Steve A. King,Republican Party,Iowa,HJRes 89,110- 2,Cosponsor
761,Todd Tiahrt,Republican Party,Kansas,HJRes 89,110- 2,Cosponsor
762,Ed Whitfield,Republican Party,Kentucky,HJRes 89,110- 2,Cosponsor
763,Ron Lewis,Republican Party,Kentucky,HJRes 89,110- 2,Cosponsor
764,Harold Rogers,Republican Party,Kentucky,HJRes 89,110- 2,Cosponsor
765,Geoff Davis,Republican Party,Kentucky,HJRes 89,110- 2,Cosponsor
766,Rodney M. Alexander,Republican Party,Louisiana,HJRes 89,110- 2,Cosponsor
767,Steve Joseph Scalise,Republican Party,Louisiana,HJRes 89,110- 2,Cosponsor
768,Roscoe G. Bartlett,Republican Party,Maryland,HJRes 89,110- 2,Cosponsor
769,Tim Walberg,Republican Party,Michigan,HJRes 89,110- 2,Cosponsor
770,Peter Hoekstra,Republican Party,Michigan,HJRes 89,110- 2,Cosponsor
771,Thaddeus G. McCotter,Republican Party,Michigan,HJRes 89,110- 2,Cosponsor
772,Collin Clark Peterson,Democratic Party,Minnesota,HJRes 89,110- 2,Cosponsor
773,John Paul Kline,Republican Party,Minnesota,HJRes 89,110- 2,Cosponsor
774,Charles W. Pickering Jr.,Republican Party,Mississippi,HJRes 89,110- 2,Cosponsor
775,Gene Taylor,Democratic Party,Mississippi,HJRes 89,110- 2,Cosponsor
776,Travis W. Childers,Democratic Party,Mississippi,HJRes 89,110- 2,Cosponsor
777,W. Todd Akin,Republican Party,Missouri,HJRes 89,110- 2,Cosponsor
778,Sam B. Graves,Republican Party,Missouri,HJRes 89,110- 2,Cosponsor
779,Jo Ann H. Emerson,Republican Party,Missouri,HJRes 89,110- 2,Cosponsor
780,Kenny C. Hulshof,Republican Party,Missouri,HJRes 89,110- 2,Cosponsor
781,Scott Garrett,Republican Party,New Jersey,HJRes 89,110- 2,Cosponsor
782,Christopher H. Smith,Republican Party,New Jersey,HJRes 89,110- 2,Cosponsor
783,John R. Kuhl Jr.,Republican Party,New York,HJRes 89,110- 2,Cosponsor
784,Walter B. Jones Jr.,Republican Party,North Carolina,HJRes 89,110- 2,Cosponsor
785,Virginia Foxx,Republican Party,North Carolina,HJRes 89,110- 2,Cosponsor
786,Robin C. Hayes,Republican Party,North Carolina,HJRes 89,110- 2,Cosponsor
787,Patrick T. McHenry,Republican Party,North Carolina,HJRes 89,110- 2,Cosponsor
788,Mike McIntyre,Democratic Party,North Carolina,HJRes 89,110- 2,Cosponsor
789,Steve J. Chabot,Republican Party,Ohio,HJRes 89,110- 2,Cosponsor
790,Jim Jordan,Republican Party,Ohio,HJRes 89,110- 2,Cosponsor
791,Jean Schmidt,Republican Party,Ohio,HJRes 89,110- 2,Cosponsor
792,Robert E. Latta,Republican Party,Ohio,HJRes 89,110- 2,Cosponsor
793,Mary Fallin,Republican Party,Oklahoma,HJRes 89,110- 2,Cosponsor
794,Frank D. Lucas,Republican Party,Oklahoma,HJRes 89,110- 2,Cosponsor
795,Tom Cole,Republican Party,Oklahoma,HJRes 89,110- 2,Cosponsor
796,John A. Sullivan,Republican Party,Oklahoma,HJRes 89,110- 2,Cosponsor
797,Joseph R. Pitts,Republican Party,Pennsylvania,HJRes 89,110- 2,Cosponsor
798,John E. Peterson,Republican Party,Pennsylvania,HJRes 89,110- 2,Cosponsor
799,Bill Shuster,Republican Party,Pennsylvania,HJRes 89,110- 2,Cosponsor
800,Henry E. Brown Jr.,Republican Party,South Carolina,HJRes 89,110- 2,Cosponsor
801,James Gresham Barrett,Republican Party,South Carolina,HJRes 89,110- 2,Cosponsor
802,Zach Wamp,Republican Party,Tennessee,HJRes 89,110- 2,Cosponsor
803,Marsha W. Blackburn,Republican Party,Tennessee,HJRes 89,110- 2,Cosponsor
804,David Davis,Republican Party,Tennessee,HJRes 89,110- 2,Cosponsor
805,John J. Duncan Jr.,Republican Party,Tennessee,HJRes 89,110- 2,Cosponsor
806,Ralph M. Hall,Republican Party,Texas,HJRes 89,110- 2,Cosponsor
807,Jeb Hensarling,Republican Party,Texas,HJRes 89,110- 2,Cosponsor
808,John Abney Culberson,Republican Party,Texas,HJRes 89,110- 2,Cosponsor
809,K. Michael Conaway,Republican Party,Texas,HJRes 89,110- 2,Cosponsor
810,Joe Linus Barton,Republican Party,Texas,HJRes 89,110- 2,Cosponsor
811,Sam Robert Johnson,Republican Party,Texas,HJRes 89,110- 2,Cosponsor
812,Kenny Ewell Marchant,Republican Party,Texas,HJRes 89,110- 2,Cosponsor
813,Randy Neugebauer,Republican Party,Texas,HJRes 89,110- 2,Cosponsor
814,Pete A. Sessions,Republican Party,Texas,HJRes 89,110- 2,Cosponsor
815,Lamar S. Smith,Republican Party,Texas,HJRes 89,110- 2,Cosponsor
816,Kay Granger,Republican Party,Texas,HJRes 89,110- 2,Cosponsor
817,Virgil H. Goode Jr.,Republican Party,Virginia,HJRes 89,110- 2,Cosponsor
818,J. Randy Forbes,Republican Party,Virginia,HJRes 89,110- 2,Cosponsor
819,Robert J. Wittman,Republican Party,Virginia,HJRes 89,110- 2,Cosponsor
820,Thelma D. Drake,Republican Party,Virginia,HJRes 89,110- 2,Cosponsor
821,Eric I. Cantor,Republican Party,Virginia,HJRes 89,110- 2,Cosponsor
822,Bob W. Goodlatte,Republican Party,Virginia,HJRes 89,110- 2,Cosponsor
823,Cathy McMorris Rodgers,Republican Party,Washington,HJRes 89,110- 2,Cosponsor
824,Barbara L. Cubin,Republican Party,Wyoming,HJRes 89,110- 2,Cosponsor
825,James A. Traficant Jr.,Democratic Party,Ohio,HJRes 40,106- 1,Primary
826,Edward M. Kennedy,Democratic Party,Massachusetts,SJRes 11,108- 1,Primary
827,Blanche Lambert Lincoln,Democratic Party,Arkansas,SJRes 11,108- 1,Cosponsor
828,Barbara Boxer,Democratic Party,California,SJRes 11,108- 1,Cosponsor
829,Dianne Feinstein,Democratic Party,California,SJRes 11,108- 1,Cosponsor
830,Christopher J. Dodd,Democratic Party,Connecticut,SJRes 11,108- 1,Cosponsor
831,Joseph I. Lieberman,Democratic Party,Connecticut,SJRes 11,108- 1,Cosponsor
832,Daniel K. Inouye,Democratic Party,Hawaii,SJRes 11,108- 1,Cosponsor
833,Richard J. Durbin,Democratic Party,Illinois,SJRes 11,108- 1,Cosponsor
834,Thomas Harkin,Democratic Party,Iowa,SJRes 11,108- 1,Cosponsor
835,Mary L. Landrieu,Democratic Party,Louisiana,SJRes 11,108- 1,Cosponsor
836,Barbara A. Mikulski,Democratic Party,Maryland,SJRes 11,108- 1,Cosponsor
837,Paul S. Sarbanes,Democratic Party,Maryland,SJRes 11,108- 1,Cosponsor
838,John Forbes Kerry,Democratic Party,Massachusetts,SJRes 11,108- 1,Cosponsor
839,Debbie Ann Stabenow,Democratic Party,Michigan,SJRes 11,108- 1,Cosponsor
840,Mark Dayton,Democratic Party,Minnesota,SJRes 11,108- 1,Cosponsor
841,Jon Stevens Corzine,Democratic Party,New Jersey,SJRes 11,108- 1,Cosponsor
842,Frank R. Lautenberg,Democratic Party,New Jersey,SJRes 11,108- 1,Cosponsor
843,Hillary Rodham Clinton,Democratic Party,New York,SJRes 11,108- 1,Cosponsor
844,Charles E. Schumer,Democratic Party,New York,SJRes 11,108- 1,Cosponsor
845,Maria Cantwell,Democratic Party,Washington,SJRes 11,108- 1,Cosponsor
846,Patty Murray,Democratic Party,Washington,SJRes 11,108- 1,Cosponsor
847,Russell D. Feingold,Democratic Party,Wisconsin,SJRes 11,108- 1,Cosponsor
848,J. Strom Thurmond,Republican Party,South Carolina,SJRes 5,104- 1,Primary
849,Dennis J. Kucinich,Democratic Party,Ohio,HJRes 100,112- 2,Primary
850,Fortney H. Stark,Democratic Party,California,HJRes 100,112- 2,Cosponsor
851,Danny K. Davis,Democratic Party,Illinois,HJRes 100,112- 2,Cosponsor
852,Luis V. Gutiérrez,Democratic Party,Illinois,HJRes 100,112- 2,Cosponsor
853,Elijah E. Cummings,Democratic Party,Maryland,HJRes 100,112- 2,Cosponsor
854,Charles B. Rangel,Democratic Party,New York,HJRes 100,112- 2,Cosponsor
855,Andrew Jacobs Jr.,Democratic Party,Indiana,HJRes 119,102- 1,Primary
856,Martha Roby,Republican Party,Alabama,HJRes 17,113- 1,Primary
857,Alfred Crout Harmer,Republican Party,Pennsylvania,HRes 280,53- 3,Primary
858,Donna F. Edwards,Democratic Party,Maryland,HJRes 36,114- 1,Primary
859,Julia Brownley,Democratic Party,California,HJRes 36,114- 1,Cosponsor
860,Eric Swalwell,Democratic Party,California,HJRes 36,114- 1,Cosponsor
861,Barbara Lee,Democratic Party,California,HJRes 36,114- 1,Cosponsor
862,Ted Lieu,Democratic Party,California,HJRes 36,114- 1,Cosponsor
863,Scott H. Peters,Democratic Party,California,HJRes 36,114- 1,Cosponsor
864,James A. Himes,Democratic Party,Connecticut,HJRes 36,114- 1,Cosponsor
865,Alcee L. Hastings,Democratic Party,Florida,HJRes 36,114- 1,Cosponsor
866,Henry C. Johnson Jr.,Democratic Party,Georgia,HJRes 36,114- 1,Cosponsor
867,Chris Van Hollen Jr.,Democratic Party,Maryland,HJRes 36,114- 1,Cosponsor
868,Stephen F. Lynch,Democratic Party,Massachusetts,HJRes 36,114- 1,Cosponsor
869,Richard M. Nolan,Democratic Party,Minnesota,HJRes 36,114- 1,Cosponsor
870,Ann M. Kuster,Democratic Party,New Hampshire,HJRes 36,114- 1,Cosponsor
871,Louise McIntosh Slaughter,Democratic Party,New York,HJRes 36,114- 1,Cosponsor
872,Steve Cohen,Democratic Party,Tennessee,HJRes 36,114- 1,Cosponsor
873,Peter Welch,Democratic Party,Vermont,HJRes 36,114- 1,Cosponsor
874,Bill Nelson,Democratic Party,Florida,SJRes 4,111- 1,Primary
875,Ted Cruz,Republican Party,Texas,SJRes 12,114- 1,Primary
876,Michael B. Enzi,Republican Party,Wyoming,SJRes 17,114- 1,Primary
877,Frank Eckels Beltzhoover,Democratic Party,Pennsylvania,HRes 114,52- 1,Primary
878,Paul C. Broun Jr.,Republican Party,Georgia,HJRes 75,111- 2,Primary
879,Trent Franks,Republican Party,Arizona,HJRes 75,111- 2,Cosponsor
880,Thomas J. Rooney,Republican Party,Florida,HJRes 75,111- 2,Cosponsor
881,Phil Gingrey,Republican Party,Georgia,HJRes 75,111- 2,Cosponsor
882,Donald A. Manzullo,Republican Party,Illinois,HJRes 75,111- 2,Cosponsor
883,Dan L. Burton,Republican Party,Indiana,HJRes 75,111- 2,Cosponsor
884,Thaddeus G. McCotter,Republican Party,Michigan,HJRes 75,111- 2,Cosponsor
885,Walter B. Jones Jr.,Republican Party,North Carolina,HJRes 75,111- 2,Cosponsor
886,Sue W. Myrick,Republican Party,North Carolina,HJRes 75,111- 2,Cosponsor
887,Joseph R. Pitts,Republican Party,Pennsylvania,HJRes 75,111- 2,Cosponsor
888,John J. Duncan Jr.,Republican Party,Tennessee,HJRes 75,111- 2,Cosponsor
889,Kay Granger,Republican Party,Texas,HJRes 75,111- 2,Cosponsor
890,Thomas A. Daschle,Democratic Party,South Dakota,SJRES 237,102- 1,Primary
891,Bob Franks,Republican Party,New Jersey,HJRes 27,104- 1,Primary
892,James A. Barcia,Democratic Party,Michigan,HJRes 27,104- 1,Cosponsor
893,Karen McCarthy,Democratic Party,Missouri,HJRes 27,104- 1,Cosponsor
894,Michael P. Forbes,Republican Party,New York,HJRes 27,104- 1,Cosponsor
895,Paul E. Gillmor,Republican Party,Ohio,HJRes 27,104- 1,Cosponsor
896,Thomas A. Coburn,Republican Party,Oklahoma,HJRes 27,104- 1,Cosponsor
897,Steve Largent,Republican Party,Oklahoma,HJRes 27,104- 1,Cosponsor
898,Preston M. Geren,Democratic Party,Texas,HJRes 27,104- 1,Cosponsor
899,Scott L. Klug,Republican Party,Wisconsin,HJRes 27,104- 1,Cosponsor
900,F. James Sensenbrenner Jr.,Republican Party,Wisconsin,HJRes 27,104- 1,Cosponsor
901,Richard Wellington Townshend,Democratic Party,Illinois,HRes 7,50- 1,Primary
902,David Vitter,Republican Party,Louisiana,SJRes 2,113- 1,Primary
903,Marco Rubio,Republican Party,Florida,SJRes 2,113- 1,Cosponsor
904,Rand Paul,Republican Party,Kentucky,SJRes 2,113- 1,Cosponsor
905,Deb Fischer,Republican Party,Nebraska,SJRes 2,113- 1,Cosponsor
906,Kelly Ayotte,Republican Party,New Hampshire,SJRes 2,113- 1,Cosponsor
907,Thomas A. Coburn,Republican Party,Oklahoma,SJRes 2,113- 1,Cosponsor
908,Patrick J. Toomey,Republican Party,Pennsylvania,SJRes 2,113- 1,Cosponsor
909,Tim Scott,Republican Party,South Carolina,SJRes 2,113- 1,Cosponsor
910,Lindsey O. Graham,Republican Party,South Carolina,SJRes 2,113- 1,Cosponsor
911,Ted Cruz,Republican Party,Texas,SJRes 2,113- 1,Cosponsor
912,Mike Lee,Republican Party,Utah,SJRes 2,113- 1,Cosponsor
913,Ron Johnson,Republican Party,Wisconsin,SJRes 2,113- 1,Cosponsor
914,A. Donald McEachin,Democratic Party,Virginia,HJRes 144,115- 2,Primary
915,Nanette Barragán,Democratic Party,California,HJRes 144,115- 2,Cosponsor
916,Pramila Jayapal,Democratic Party,Washington,HJRes 144,115- 2,Cosponsor
917,John Cornyn,Republican Party,Texas,SJRes 7,113- 1,Primary
918,Jefferson B. Sessions,Republican Party,Alabama,SJRes 7,113- 1,Cosponsor
919,Richard C. Shelby,Republican Party,Alabama,SJRes 7,113- 1,Cosponsor
920,Lisa A. Murkowski,Republican Party,Alaska,SJRes 7,113- 1,Cosponsor
921,Jeff Flake,Republican Party,Arizona,SJRes 7,113- 1,Cosponsor
922,John S. McCain,Republican Party,Arizona,SJRes 7,113- 1,Cosponsor
923,John Boozman,Republican Party,Arkansas,SJRes 7,113- 1,Cosponsor
924,Marco Rubio,Republican Party,Florida,SJRes 7,113- 1,Cosponsor
925,John H. Isakson,Republican Party,Georgia,SJRes 7,113- 1,Cosponsor
926,Saxby Chambliss,Republican Party,Georgia,SJRes 7,113- 1,Cosponsor
927,James Risch,Republican Party,Idaho,SJRes 7,113- 1,Cosponsor
928,Michael D. Crapo,Republican Party,Idaho,SJRes 7,113- 1,Cosponsor
929,Mark Steven Kirk,Republican Party,Illinois,SJRes 7,113- 1,Cosponsor
930,Daniel Ray Coats,Republican Party,Indiana,SJRes 7,113- 1,Cosponsor
931,Charles E. Grassley,Republican Party,Iowa,SJRes 7,113- 1,Cosponsor
932,Jerry Moran,Republican Party,Kansas,SJRes 7,113- 1,Cosponsor
933,Pat Roberts,Republican Party,Kansas,SJRes 7,113- 1,Cosponsor
934,Rand Paul,Republican Party,Kentucky,SJRes 7,113- 1,Cosponsor
935,Mitch McConnell,Republican Party,Kentucky,SJRes 7,113- 1,Cosponsor
936,David Vitter,Republican Party,Louisiana,SJRes 7,113- 1,Cosponsor
937,Susan M. Collins,Republican Party,Maine,SJRes 7,113- 1,Cosponsor
938,Roger F. Wicker,Republican Party,Mississippi,SJRes 7,113- 1,Cosponsor
939,Thad Cochran,Republican Party,Mississippi,SJRes 7,113- 1,Cosponsor
940,Roy Blunt,Republican Party,Missouri,SJRes 7,113- 1,Cosponsor
941,Deb Fischer,Republican Party,Nebraska,SJRes 7,113- 1,Cosponsor
942,Mike Johanns,Republican Party,Nebraska,SJRes 7,113- 1,Cosponsor
943,Dean Heller,Republican Party,Nevada,SJRes 7,113- 1,Cosponsor
944,Kelly Ayotte,Republican Party,New Hampshire,SJRes 7,113- 1,Cosponsor
945,Richard M. Burr,Republican Party,North Carolina,SJRes 7,113- 1,Cosponsor
946,John Hoeven,Republican Party,North Dakota,SJRes 7,113- 1,Cosponsor
947,Robert J. Portman,Republican Party,Ohio,SJRes 7,113- 1,Cosponsor
948,James M. Inhofe,Republican Party,Oklahoma,SJRes 7,113- 1,Cosponsor
949,Thomas A. Coburn,Republican Party,Oklahoma,SJRes 7,113- 1,Cosponsor
950,Patrick J. Toomey,Republican Party,Pennsylvania,SJRes 7,113- 1,Cosponsor
951,Tim Scott,Republican Party,South Carolina,SJRes 7,113- 1,Cosponsor
952,Lindsey O. Graham,Republican Party,South Carolina,SJRes 7,113- 1,Cosponsor
953,John Thune,Republican Party,South Dakota,SJRes 7,113- 1,Cosponsor
954,Bob Corker,Republican Party,Tennessee,SJRes 7,113- 1,Cosponsor
955,Lamar Alexander,Republican Party,Tennessee,SJRes 7,113- 1,Cosponsor
956,Ted Cruz,Republican Party,Texas,SJRes 7,113- 1,Cosponsor
957,Mike Lee,Republican Party,Utah,SJRes 7,113- 1,Cosponsor
958,Orrin G. Hatch,Republican Party,Utah,SJRes 7,113- 1,Cosponsor
959,Ron Johnson,Republican Party,Wisconsin,SJRes 7,113- 1,Cosponsor
960,John A. Barrasso,Republican Party,Wyoming,SJRes 7,113- 1,Cosponsor
961,Michael B. Enzi,Republican Party,Wyoming,SJRes 7,113- 1,Cosponsor
962,William Sarpalius,Democratic Party,Texas,HJRes 324,103- 2,Primary
963,James Allison Hayes,Democratic Party,Louisiana,HJRes 324,103- 2,Cosponsor
964,William K. Brewster,Democratic Party,Oklahoma,HJRes 324,103- 2,Cosponsor
965,John Steele Henderson,Democratic Party,North Carolina,HRes 142,51- 1,Primary
966,Jon Kyl,Republican Party,Arizona,SJRes 1,108- 1,Primary
967,Richard C. Shelby,Republican Party,Alabama,SJRes 1,108- 1,Cosponsor
968,Ted F. Stevens,Republican Party,Alaska,SJRes 1,108- 1,Cosponsor
969,John S. McCain,Republican Party,Arizona,SJRes 1,108- 1,Cosponsor
970,Blanche Lambert Lincoln,Democratic Party,Arkansas,SJRes 1,108- 1,Cosponsor
971,Dianne Feinstein,Democratic Party,California,SJRes 1,108- 1,Cosponsor
972,Wayne A. Allard,Republican Party,Colorado,SJRes 1,108- 1,Cosponsor
973,Joseph I. Lieberman,Democratic Party,Connecticut,SJRes 1,108- 1,Cosponsor
974,Zell Bryan Miller,Democratic Party,Georgia,SJRes 1,108- 1,Cosponsor
975,Saxby Chambliss,Republican Party,Georgia,SJRes 1,108- 1,Cosponsor
976,Larry E. Craig,Republican Party,Idaho,SJRes 1,108- 1,Cosponsor
977,Evan Bayh,Democratic Party,Indiana,SJRes 1,108- 1,Cosponsor
978,Charles E. Grassley,Republican Party,Iowa,SJRes 1,108- 1,Cosponsor
979,Jim Bunning,Republican Party,Kentucky,SJRes 1,108- 1,Cosponsor
980,John B. Breaux,Democratic Party,Louisiana,SJRes 1,108- 1,Cosponsor
981,Mary L. Landrieu,Democratic Party,Louisiana,SJRes 1,108- 1,Cosponsor
982,Susan M. Collins,Republican Party,Maine,SJRes 1,108- 1,Cosponsor
983,Olympia J. Snowe,Republican Party,Maine,SJRes 1,108- 1,Cosponsor
984,Trent Lott,Republican Party,Mississippi,SJRes 1,108- 1,Cosponsor
985,Charles T. Hagel,Republican Party,Nebraska,SJRes 1,108- 1,Cosponsor
986,Michael DeWine,Republican Party,Ohio,SJRes 1,108- 1,Cosponsor
987,James M. Inhofe,Republican Party,Oklahoma,SJRes 1,108- 1,Cosponsor
988,Ron Wyden,Democratic Party,Oregon,SJRes 1,108- 1,Cosponsor
989,Gordon Harold Smith,Republican Party,Oregon,SJRes 1,108- 1,Cosponsor
990,Lindsey O. Graham,Republican Party,South Carolina,SJRes 1,108- 1,Cosponsor
991,John Cornyn,Republican Party,Texas,SJRes 1,108- 1,Cosponsor
992,Kay Bailey Hutchison,Republican Party,Texas,SJRes 1,108- 1,Cosponsor
993,Peter Hoekstra,Republican Party,Michigan,HJRes 42,111- 1,Primary
994,Mike Rogers,Republican Party,Alabama,HJRes 42,111- 1,Cosponsor
995,Spencer Thomas Bachus III,Republican Party,Alabama,HJRes 42,111- 1,Cosponsor
996,Jo Bonner,Republican Party,Alabama,HJRes 42,111- 1,Cosponsor
997,Parker Griffith,Republican Party,Alabama,HJRes 42,111- 1,Cosponsor
998,Don E. Young,Republican Party,Alaska,HJRes 42,111- 1,Cosponsor
999,Trent Franks,Republican Party,Arizona,HJRes 42,111- 1,Cosponsor
1000,John B. Shadegg,Republican Party,Arizona,HJRes 42,111- 1,Cosponsor
1001,John Boozman,Republican Party,Arkansas,HJRes 42,111- 1,Cosponsor
1002,John Bayard Taylor Campbell III,Republican Party,California,HJRes 42,111- 1,Cosponsor
1003,Walter Herger,Republican Party,California,HJRes 42,111- 1,Cosponsor
1004,Duncan D. Hunter,Republican Party,California,HJRes 42,111- 1,Cosponsor
1005,Tom McClintock,Republican Party,California,HJRes 42,111- 1,Cosponsor
1006,Howard P. McKeon,Republican Party,California,HJRes 42,111- 1,Cosponsor
1007,George P. Radanovich,Republican Party,California,HJRes 42,111- 1,Cosponsor
1008,Edward R. Royce,Republican Party,California,HJRes 42,111- 1,Cosponsor
1009,Kevin McCarthy,Republican Party,California,HJRes 42,111- 1,Cosponsor
1010,Daniel E. Lungren,Republican Party,California,HJRes 42,111- 1,Cosponsor
1011,Devin G. Nunes,Republican Party,California,HJRes 42,111- 1,Cosponsor
1012,Gary G. Miller,Republican Party,California,HJRes 42,111- 1,Cosponsor
1013,Brian P. Bilbray,Republican Party,California,HJRes 42,111- 1,Cosponsor
1014,Mary Whitaker Bono Mack,Republican Party,California,HJRes 42,111- 1,Cosponsor
1015,Doug Lamborn,Republican Party,Colorado,HJRes 42,111- 1,Cosponsor
1016,Mike Coffman,Republican Party,Colorado,HJRes 42,111- 1,Cosponsor
1017,Vern Buchanan,Republican Party,Florida,HJRes 42,111- 1,Cosponsor
1018,Thomas J. Rooney,Republican Party,Florida,HJRes 42,111- 1,Cosponsor
1019,Jeff Miller,Republican Party,Florida,HJRes 42,111- 1,Cosponsor
1020,Bill Posey,Republican Party,Florida,HJRes 42,111- 1,Cosponsor
1021,Paul C. Broun Jr.,Republican Party,Georgia,HJRes 42,111- 1,Cosponsor
1022,Nathan Deal,Republican Party,Georgia,HJRes 42,111- 1,Cosponsor
1023,Phil Gingrey,Republican Party,Georgia,HJRes 42,111- 1,Cosponsor
1024,Jack Kingston,Republican Party,Georgia,HJRes 42,111- 1,Cosponsor
1025,Tom Price,Republican Party,Georgia,HJRes 42,111- 1,Cosponsor
1026,Lynn A. Westmoreland,Republican Party,Georgia,HJRes 42,111- 1,Cosponsor
1027,Charles Djou,Republican Party,Hawaii,HJRes 42,111- 1,Cosponsor
1028,Donald A. Manzullo,Republican Party,Illinois,HJRes 42,111- 1,Cosponsor
1029,John M. Shimkus,Republican Party,Illinois,HJRes 42,111- 1,Cosponsor
1030,Peter J. Roskam,Republican Party,Illinois,HJRes 42,111- 1,Cosponsor
1031,Aaron Schock,Republican Party,Illinois,HJRes 42,111- 1,Cosponsor
1032,Timothy V. Johnson,Republican Party,Illinois,HJRes 42,111- 1,Cosponsor
1033,Dan L. Burton,Republican Party,Indiana,HJRes 42,111- 1,Cosponsor
1034,Mike Pence,Republican Party,Indiana,HJRes 42,111- 1,Cosponsor
1035,Mark Edward Souder,Republican Party,Indiana,HJRes 42,111- 1,Cosponsor
1036,Brad Ellsworth,Democratic Party,Indiana,HJRes 42,111- 1,Cosponsor
1037,Steve A. King,Republican Party,Iowa,HJRes 42,111- 1,Cosponsor
1038,Tom P. Latham,Republican Party,Iowa,HJRes 42,111- 1,Cosponsor
1039,Jerry Moran,Republican Party,Kansas,HJRes 42,111- 1,Cosponsor
1040,Todd Tiahrt,Republican Party,Kansas,HJRes 42,111- 1,Cosponsor
1041,Geoff Davis,Republican Party,Kentucky,HJRes 42,111- 1,Cosponsor
1042,Brett Guthrie,Republican Party,Kentucky,HJRes 42,111- 1,Cosponsor
1043,Ed Whitfield,Republican Party,Kentucky,HJRes 42,111- 1,Cosponsor
1044,Rodney M. Alexander,Republican Party,Louisiana,HJRes 42,111- 1,Cosponsor
1045,John Fleming,Republican Party,Louisiana,HJRes 42,111- 1,Cosponsor
1046,Steve Joseph Scalise,Republican Party,Louisiana,HJRes 42,111- 1,Cosponsor
1047,Charles W. Boustany Jr.,Republican Party,Louisiana,HJRes 42,111- 1,Cosponsor
1048,Bill Cassidy,Republican Party,Louisiana,HJRes 42,111- 1,Cosponsor
1049,Roscoe G. Bartlett,Republican Party,Maryland,HJRes 42,111- 1,Cosponsor
1050,Dave Lee Camp,Republican Party,Michigan,HJRes 42,111- 1,Cosponsor
1051,Thaddeus G. McCotter,Republican Party,Michigan,HJRes 42,111- 1,Cosponsor
1052,Fred Stephen Upton,Republican Party,Michigan,HJRes 42,111- 1,Cosponsor
1053,Michele Marie Bachmann,Republican Party,Minnesota,HJRes 42,111- 1,Cosponsor
1054,John Paul Kline,Republican Party,Minnesota,HJRes 42,111- 1,Cosponsor
1055,Erik Paulsen,Republican Party,Minnesota,HJRes 42,111- 1,Cosponsor
1056,Gregg Harper,Republican Party,Mississippi,HJRes 42,111- 1,Cosponsor
1057,W. Todd Akin,Republican Party,Missouri,HJRes 42,111- 1,Cosponsor
1058,Roy Blunt,Republican Party,Missouri,HJRes 42,111- 1,Cosponsor
1059,Sam B. Graves,Republican Party,Missouri,HJRes 42,111- 1,Cosponsor
1060,Blaine Luetkemeyer,Republican Party,Missouri,HJRes 42,111- 1,Cosponsor
1061,Jo Ann H. Emerson,Republican Party,Missouri,HJRes 42,111- 1,Cosponsor
1062,Dennis Rehberg,Republican Party,Montana,HJRes 42,111- 1,Cosponsor
1063,Jeff Lane Fortenberry,Republican Party,Nebraska,HJRes 42,111- 1,Cosponsor
1064,Lee R. Terry,Republican Party,Nebraska,HJRes 42,111- 1,Cosponsor
1065,Dean Heller,Republican Party,Nevada,HJRes 42,111- 1,Cosponsor
1066,Frank A. LoBiondo,Republican Party,New Jersey,HJRes 42,111- 1,Cosponsor
1067,John M. McHugh,Republican Party,New York,HJRes 42,111- 1,Cosponsor
1068,Christopher John Lee,Republican Party,New York,HJRes 42,111- 1,Cosponsor
1069,Patrick T. McHenry,Republican Party,North Carolina,HJRes 42,111- 1,Cosponsor
1070,Mike McIntyre,Democratic Party,North Carolina,HJRes 42,111- 1,Cosponsor
1071,Howard Coble,Republican Party,North Carolina,HJRes 42,111- 1,Cosponsor
1072,John A. Boehner,Republican Party,Ohio,HJRes 42,111- 1,Cosponsor
1073,Jim Jordan,Republican Party,Ohio,HJRes 42,111- 1,Cosponsor
1074,Robert E. Latta,Republican Party,Ohio,HJRes 42,111- 1,Cosponsor
1075,Jean Schmidt,Republican Party,Ohio,HJRes 42,111- 1,Cosponsor
1076,Michael R. Turner,Republican Party,Ohio,HJRes 42,111- 1,Cosponsor
1077,Steven C. LaTourette,Republican Party,Ohio,HJRes 42,111- 1,Cosponsor
1078,Tom Cole,Republican Party,Oklahoma,HJRes 42,111- 1,Cosponsor
1079,Mary Fallin,Republican Party,Oklahoma,HJRes 42,111- 1,Cosponsor
1080,Frank D. Lucas,Republican Party,Oklahoma,HJRes 42,111- 1,Cosponsor
1081,John A. Sullivan,Republican Party,Oklahoma,HJRes 42,111- 1,Cosponsor
1082,Greg P. Walden,Republican Party,Oregon,HJRes 42,111- 1,Cosponsor
1083,Joseph R. Pitts,Republican Party,Pennsylvania,HJRes 42,111- 1,Cosponsor
1084,Todd R. Platts,Republican Party,Pennsylvania,HJRes 42,111- 1,Cosponsor
1085,Tim Murphy,Republican Party,Pennsylvania,HJRes 42,111- 1,Cosponsor
1086,Bill Shuster,Republican Party,Pennsylvania,HJRes 42,111- 1,Cosponsor
1087,Glenn Thompson,Republican Party,Pennsylvania,HJRes 42,111- 1,Cosponsor
1088,James Gresham Barrett,Republican Party,South Carolina,HJRes 42,111- 1,Cosponsor
1089,Henry E. Brown Jr.,Republican Party,South Carolina,HJRes 42,111- 1,Cosponsor
1090,Joe G. Wilson,Republican Party,South Carolina,HJRes 42,111- 1,Cosponsor
1091,Marsha W. Blackburn,Republican Party,Tennessee,HJRes 42,111- 1,Cosponsor
1092,David P. Roe,Republican Party,Tennessee,HJRes 42,111- 1,Cosponsor
1093,Zach Wamp,Republican Party,Tennessee,HJRes 42,111- 1,Cosponsor
1094,John J. Duncan Jr.,Republican Party,Tennessee,HJRes 42,111- 1,Cosponsor
1095,John R. Carter,Republican Party,Texas,HJRes 42,111- 1,Cosponsor
1096,K. Michael Conaway,Republican Party,Texas,HJRes 42,111- 1,Cosponsor
1097,Louie B. Gohmert Jr.,Republican Party,Texas,HJRes 42,111- 1,Cosponsor
1098,Jeb Hensarling,Republican Party,Texas,HJRes 42,111- 1,Cosponsor
1099,Sam Robert Johnson,Republican Party,Texas,HJRes 42,111- 1,Cosponsor
1100,Kenny Ewell Marchant,Republican Party,Texas,HJRes 42,111- 1,Cosponsor
1101,Michael T. McCaul,Republican Party,Texas,HJRes 42,111- 1,Cosponsor
1102,Randy Neugebauer,Republican Party,Texas,HJRes 42,111- 1,Cosponsor
1103,Pete A. Sessions,Republican Party,Texas,HJRes 42,111- 1,Cosponsor
1104,Joe Linus Barton,Republican Party,Texas,HJRes 42,111- 1,Cosponsor
1105,Michael C. Burgess,Republican Party,Texas,HJRes 42,111- 1,Cosponsor
1106,Kevin P. Brady,Republican Party,Texas,HJRes 42,111- 1,Cosponsor
1107,Pete Olson,Republican Party,Texas,HJRes 42,111- 1,Cosponsor
1108,Ralph M. Hall,Republican Party,Texas,HJRes 42,111- 1,Cosponsor
1109,Ted Poe,Republican Party,Texas,HJRes 42,111- 1,Cosponsor
1110,Kay Granger,Republican Party,Texas,HJRes 42,111- 1,Cosponsor
1111,Rob Bishop,Republican Party,Utah,HJRes 42,111- 1,Cosponsor
1112,Frank R. Wolf,Republican Party,Virginia,HJRes 42,111- 1,Cosponsor
1113,Eric I. Cantor,Republican Party,Virginia,HJRes 42,111- 1,Cosponsor
1114,Robert J. Wittman,Republican Party,Virginia,HJRes 42,111- 1,Cosponsor
1115,Bob W. Goodlatte,Republican Party,Virginia,HJRes 42,111- 1,Cosponsor
1116,J. Randy Forbes,Republican Party,Virginia,HJRes 42,111- 1,Cosponsor
1117,Doc Hastings,Republican Party,Washington,HJRes 42,111- 1,Cosponsor
1118,Thomas E. Petri,Republican Party,Wisconsin,HJRes 42,111- 1,Cosponsor
1119,Cynthia M. Lummis,Republican Party,Wyoming,HJRes 42,111- 1,Cosponsor
1120,Jesse Louis Jackson Jr.,Democratic Party,Illinois,HJRes 28,110- 1,Primary
1121,Artur Davis,Democratic Party,Alabama,HJRes 28,110- 1,Cosponsor
1122,Raúl M. Grijalva,Democratic Party,Arizona,HJRes 28,110- 1,Cosponsor
1123,Lynn C. Woolsey,Democratic Party,California,HJRes 28,110- 1,Cosponsor
1124,Fortney H. Stark,Democratic Party,California,HJRes 28,110- 1,Cosponsor
1125,Barbara Lee,Democratic Party,California,HJRes 28,110- 1,Cosponsor
1126,Bob Filner,Democratic Party,California,HJRes 28,110- 1,Cosponsor
1127,Michael M. Honda,Democratic Party,California,HJRes 28,110- 1,Cosponsor
1128,Diane E. Watson,Democratic Party,California,HJRes 28,110- 1,Cosponsor
1129,Maxine Waters,Democratic Party,California,HJRes 28,110- 1,Cosponsor
1130,Corrine Brown,Democratic Party,Florida,HJRes 28,110- 1,Cosponsor
1131,Kendrick Brett Meek,Democratic Party,Florida,HJRes 28,110- 1,Cosponsor
1132,Alcee L. Hastings,Democratic Party,Florida,HJRes 28,110- 1,Cosponsor
1133,Sanford D. Bishop Jr.,Democratic Party,Georgia,HJRes 28,110- 1,Cosponsor
1134,Henry C. Johnson Jr.,Democratic Party,Georgia,HJRes 28,110- 1,Cosponsor
1135,John R. Lewis,Democratic Party,Georgia,HJRes 28,110- 1,Cosponsor
1136,Bobby L. Rush,Democratic Party,Illinois,HJRes 28,110- 1,Cosponsor
1137,Janice D. Schakowsky,Democratic Party,Illinois,HJRes 28,110- 1,Cosponsor
1138,Danny K. Davis,Democratic Party,Illinois,HJRes 28,110- 1,Cosponsor
1139,Luis V. Gutiérrez,Democratic Party,Illinois,HJRes 28,110- 1,Cosponsor
1140,Julia M. Carson,Democratic Party,Indiana,HJRes 28,110- 1,Cosponsor
1141,William J. Jefferson,Democratic Party,Louisiana,HJRes 28,110- 1,Cosponsor
1142,Albert Russell Wynn,Democratic Party,Maryland,HJRes 28,110- 1,Cosponsor
1143,Elijah E. Cummings,Democratic Party,Maryland,HJRes 28,110- 1,Cosponsor
1144,James P. McGovern,Democratic Party,Massachusetts,HJRes 28,110- 1,Cosponsor
1145,Carolyn Cheeks Kilpatrick,Democratic Party,Michigan,HJRes 28,110- 1,Cosponsor
1146,Bennie G. Thompson,Democratic Party,Mississippi,HJRes 28,110- 1,Cosponsor
1147,Emanuel Cleaver II,Democratic Party,Missouri,HJRes 28,110- 1,Cosponsor
1148,Rush D. Holt,Democratic Party,New Jersey,HJRes 28,110- 1,Cosponsor
1149,Donald M. Payne,Democratic Party,New Jersey,HJRes 28,110- 1,Cosponsor
1150,Charles B. Rangel,Democratic Party,New York,HJRes 28,110- 1,Cosponsor
1151,Edolphus Towns,Democratic Party,New York,HJRes 28,110- 1,Cosponsor
1152,Maurice D. Hinchey,Democratic Party,New York,HJRes 28,110- 1,Cosponsor
1153,Yvette D. Clarke,Democratic Party,New York,HJRes 28,110- 1,Cosponsor
1154,José E. Serrano,Democratic Party,New York,HJRes 28,110- 1,Cosponsor
1155,Gregory W. Meeks,Democratic Party,New York,HJRes 28,110- 1,Cosponsor
1156,Melvin L. Watt,Democratic Party,North Carolina,HJRes 28,110- 1,Cosponsor
1157,Dennis J. Kucinich,Democratic Party,Ohio,HJRes 28,110- 1,Cosponsor
1158,Tim J. Ryan,Democratic Party,Ohio,HJRes 28,110- 1,Cosponsor
1159,Stephanie Tubbs Jones,Democratic Party,Ohio,HJRes 28,110- 1,Cosponsor
1160,Chaka Fattah,Democratic Party,Pennsylvania,HJRes 28,110- 1,Cosponsor
1161,Patrick Joseph Kennedy,Democratic Party,Rhode Island,HJRes 28,110- 1,Cosponsor
1162,Steve Cohen,Democratic Party,Tennessee,HJRes 28,110- 1,Cosponsor
1163,Al Green,Democratic Party,Texas,HJRes 28,110- 1,Cosponsor
1164,Sheila Jackson Lee,Democratic Party,Texas,HJRes 28,110- 1,Cosponsor
1165,Eddie Bernice Johnson,Democratic Party,Texas,HJRes 28,110- 1,Cosponsor
1166,Donna M. Christensen,Democratic Party,Virgin Islands,HJRes 28,110- 1,Cosponsor
1167,Robert C. Scott,Democratic Party,Virginia,HJRes 28,110- 1,Cosponsor
1168,Eleanor Holmes Norton,Democratic Party,the District of Columbia,HJRes 28,110- 1,Cosponsor
