id,source_citation,source_group,title_or_description_from_source,date,congress,congressional_session,joint_resolution_chamber,joint_resolution_number,sponsor_name,sponsor_state_or_territory,committee_of_referral,text_of_amendment,ratified_yn,ratified_amendment,notes,constitute_topic1,constitute_topic2,constitute_topic3,constitute_topic4,constitute_topic5,constitute_topic6,constitute_topic7,constitute_topic8,constitute_topic9
3418,"Proposed Amendments to the Constitution of the United States Introduced in Congress from the 69th Congress, 2d Session through the 87th Congress, 2d Session, December 6, 1926 to January 3, 1963, S. Doc. No. 163, 87th Cong. 2d Sess., Washington: U.S. Government Printing Office, 1963.",NARA,Relative to equal rights for men and women,1928-05-18,70,NA,NA,NA,Magrady,Pennsylvania,NA,NA,NA,NA,NA,NA,NA,NA,NA,NA,NA,NA,NA,NA
3752,"Proposed Amendments to the Constitution of the United States Introduced in Congress from the 69th Congress, 2d Session through the 87th Congress, 2d Session, December 6, 1926 to January 3, 1963, S. Doc. No. 163, 87th Cong. 2d Sess., Washington: U.S. Government Printing Office, 1963.",NARA,Relative to equal rights for men and women,1935-01-04,74,NA,NA,TRUE,Townsend,Delaware,NA,NA,NA,NA,NA,NA,NA,NA,NA,NA,NA,NA,NA,NA
3777,"Proposed Amendments to the Constitution of the United States Introduced in Congress from the 69th Congress, 2d Session through the 87th Congress, 2d Session, December 6, 1926 to January 3, 1963, S. Doc. No. 163, 87th Cong. 2d Sess., Washington: U.S. Government Printing Office, 1963.",NARA,Relative to equal rights for men and women,1935-01-03,74,NA,NA,TRUE,Ludlow,Indiana,NA,NA,NA,NA,NA,NA,NA,NA,NA,NA,NA,NA,NA,NA
3808,"Proposed Amendments to the Constitution of the United States Introduced in Congress from the 69th Congress, 2d Session through the 87th Congress, 2d Session, December 6, 1926 to January 3, 1963, S. Doc. No. 163, 87th Cong. 2d Sess., Washington: U.S. Government Printing Office, 1963.",NARA,Relative to equal rights for men and women,1935-04-04,74,NA,NA,NA,Dunn,Pennsylvania,NA,NA,NA,NA,NA,NA,NA,NA,NA,NA,NA,NA,NA,NA
4418,"Proposed Amendments to the Constitution of the United States Introduced in Congress from the 69th Congress, 2d Session through the 87th Congress, 2d Session, December 6, 1926 to January 3, 1963, S. Doc. No. 163, 87th Cong. 2d Sess., Washington: U.S. Government Printing Office, 1963.",NARA,Relative to equal rights for men and women,1949-01-13,81,NA,NA,NA,Gillette,Iowa,NA,NA,NA,NA,NA,NA,NA,NA,NA,NA,NA,NA,NA,NA
4430,"Proposed Amendments to the Constitution of the United States Introduced in Congress from the 69th Congress, 2d Session through the 87th Congress, 2d Session, December 6, 1926 to January 3, 1963, S. Doc. No. 163, 87th Cong. 2d Sess., Washington: U.S. Government Printing Office, 1963.",NARA,Relative to equal rights for men and women,1949-01-03,81,NA,NA,NA,Harris,Arkansas,NA,NA,NA,NA,NA,NA,NA,NA,NA,NA,NA,NA,NA,NA
4448,"Proposed Amendments to the Constitution of the United States Introduced in Congress from the 69th Congress, 2d Session through the 87th Congress, 2d Session, December 6, 1926 to January 3, 1963, S. Doc. No. 163, 87th Cong. 2d Sess., Washington: U.S. Government Printing Office, 1963.",NARA,Relative to equal rights for men and women,1949-01-05,81,NA,NA,NA,St. George,New York,NA,NA,NA,NA,NA,NA,NA,NA,NA,NA,NA,NA,NA,NA
4454,"Proposed Amendments to the Constitution of the United States Introduced in Congress from the 69th Congress, 2d Session through the 87th Congress, 2d Session, December 6, 1926 to January 3, 1963, S. Doc. No. 163, 87th Cong. 2d Sess., Washington: U.S. Government Printing Office, 1963.",NARA,Relative to equal rights for men and women,1949-01-18,81,NA,NA,NA,Tollefson,Washington,NA,NA,NA,NA,NA,NA,NA,NA,NA,NA,NA,NA,NA,NA
4455,"Proposed Amendments to the Constitution of the United States Introduced in Congress from the 69th Congress, 2d Session through the 87th Congress, 2d Session, December 6, 1926 to January 3, 1963, S. Doc. No. 163, 87th Cong. 2d Sess., Washington: U.S. Government Printing Office, 1963.",NARA,Relative to equal rights for men and women,1949-01-27,81,NA,NA,NA,Fulton,Pennsylvania,NA,NA,NA,NA,NA,NA,NA,NA,NA,NA,NA,NA,NA,NA
4459,"Proposed Amendments to the Constitution of the United States Introduced in Congress from the 69th Congress, 2d Session through the 87th Congress, 2d Session, December 6, 1926 to January 3, 1963, S. Doc. No. 163, 87th Cong. 2d Sess., Washington: U.S. Government Printing Office, 1963.",NARA,Relative to equal rights for men and women,1949-02-02,81,NA,NA,NA,Jackson,California,NA,NA,NA,NA,NA,NA,NA,NA,NA,NA,NA,NA,NA,NA
4460,"Proposed Amendments to the Constitution of the United States Introduced in Congress from the 69th Congress, 2d Session through the 87th Congress, 2d Session, December 6, 1926 to January 3, 1963, S. Doc. No. 163, 87th Cong. 2d Sess., Washington: U.S. Government Printing Office, 1963.",NARA,Relative to equal rights for men and women,1949-02-02,81,NA,NA,NA,Multer,New York,NA,NA,NA,NA,NA,NA,NA,NA,NA,NA,NA,NA,NA,NA
4461,"Proposed Amendments to the Constitution of the United States Introduced in Congress from the 69th Congress, 2d Session through the 87th Congress, 2d Session, December 6, 1926 to January 3, 1963, S. Doc. No. 163, 87th Cong. 2d Sess., Washington: U.S. Government Printing Office, 1963.",NARA,Relative to equal rights for men and women,1949-02-03,81,NA,NA,NA,Buchanan,Pennsylvania,NA,NA,NA,NA,NA,NA,NA,NA,NA,NA,NA,NA,NA,NA
4463,"Proposed Amendments to the Constitution of the United States Introduced in Congress from the 69th Congress, 2d Session through the 87th Congress, 2d Session, December 6, 1926 to January 3, 1963, S. Doc. No. 163, 87th Cong. 2d Sess., Washington: U.S. Government Printing Office, 1963.",NARA,Relative to equal rights for men and women,1949-02-03,81,NA,NA,NA,Mills,Arkansas,NA,NA,NA,NA,NA,NA,NA,NA,NA,NA,NA,NA,NA,NA
4466,"Proposed Amendments to the Constitution of the United States Introduced in Congress from the 69th Congress, 2d Session through the 87th Congress, 2d Session, December 6, 1926 to January 3, 1963, S. Doc. No. 163, 87th Cong. 2d Sess., Washington: U.S. Government Printing Office, 1963.",NARA,Relative to equal rights for men and women,1949-02-09,81,NA,NA,NA,Bramblett,California,NA,NA,NA,NA,NA,NA,NA,NA,NA,NA,NA,NA,NA,NA
4468,"Proposed Amendments to the Constitution of the United States Introduced in Congress from the 69th Congress, 2d Session through the 87th Congress, 2d Session, December 6, 1926 to January 3, 1963, S. Doc. No. 163, 87th Cong. 2d Sess., Washington: U.S. Government Printing Office, 1963.",NARA,Relative to equal rights for men and women,1949-02-21,81,NA,NA,NA,Gwinn,New York,NA,NA,NA,NA,NA,NA,NA,NA,NA,NA,NA,NA,NA,NA
4470,"Proposed Amendments to the Constitution of the United States Introduced in Congress from the 69th Congress, 2d Session through the 87th Congress, 2d Session, December 6, 1926 to January 3, 1963, S. Doc. No. 163, 87th Cong. 2d Sess., Washington: U.S. Government Printing Office, 1963.",NARA,Relative to equal rights for men and women,1949-03-09,81,NA,NA,NA,Farrington,Hawaii,NA,NA,NA,NA,NA,NA,NA,NA,NA,NA,NA,NA,NA,NA
4473,"Proposed Amendments to the Constitution of the United States Introduced in Congress from the 69th Congress, 2d Session through the 87th Congress, 2d Session, December 6, 1926 to January 3, 1963, S. Doc. No. 163, 87th Cong. 2d Sess., Washington: U.S. Government Printing Office, 1963.",NARA,Relative to equal rights for men and women,1949-03-21,81,NA,NA,NA,Poulson,California,NA,NA,NA,NA,NA,NA,NA,NA,NA,NA,NA,NA,NA,NA
4492,"Proposed Amendments to the Constitution of the United States Introduced in Congress from the 69th Congress, 2d Session through the 87th Congress, 2d Session, December 6, 1926 to January 3, 1963, S. Doc. No. 163, 87th Cong. 2d Sess., Washington: U.S. Government Printing Office, 1963.",NARA,Relative to equal rights for men and women,1951-01-08,82,NA,NA,NA,O'Conor,Maryland,NA,NA,NA,NA,NA,NA,NA,NA,NA,NA,NA,NA,NA,NA
4525,"Proposed Amendments to the Constitution of the United States Introduced in Congress from the 69th Congress, 2d Session through the 87th Congress, 2d Session, December 6, 1926 to January 3, 1963, S. Doc. No. 163, 87th Cong. 2d Sess., Washington: U.S. Government Printing Office, 1963.",NARA,Relative to equal rights for men and women,1951-01-03,82,NA,NA,NA,Poulson,California,NA,NA,NA,NA,NA,NA,NA,NA,NA,NA,NA,NA,NA,NA
4527,"Proposed Amendments to the Constitution of the United States Introduced in Congress from the 69th Congress, 2d Session through the 87th Congress, 2d Session, December 6, 1926 to January 3, 1963, S. Doc. No. 163, 87th Cong. 2d Sess., Washington: U.S. Government Printing Office, 1963.",NARA,Relative to equal rights for men and women,1951-01-03,82,NA,NA,NA,St. George,New York,NA,NA,NA,NA,NA,NA,NA,NA,NA,NA,NA,NA,NA,NA
4530,"Proposed Amendments to the Constitution of the United States Introduced in Congress from the 69th Congress, 2d Session through the 87th Congress, 2d Session, December 6, 1926 to January 3, 1963, S. Doc. No. 163, 87th Cong. 2d Sess., Washington: U.S. Government Printing Office, 1963.",NARA,Relative to equal rights for men and women,1951-01-08,82,NA,NA,NA,Mills,Arkansas,NA,NA,NA,NA,NA,NA,NA,NA,NA,NA,NA,NA,NA,NA
4536,"Proposed Amendments to the Constitution of the United States Introduced in Congress from the 69th Congress, 2d Session through the 87th Congress, 2d Session, December 6, 1926 to January 3, 1963, S. Doc. No. 163, 87th Cong. 2d Sess., Washington: U.S. Government Printing Office, 1963.",NARA,Relative to equal rights for men and women,1951-01-15,82,NA,NA,NA,Lind,Pennsylvania,NA,NA,NA,NA,NA,NA,NA,NA,NA,NA,NA,NA,NA,NA
4541,"Proposed Amendments to the Constitution of the United States Introduced in Congress from the 69th Congress, 2d Session through the 87th Congress, 2d Session, December 6, 1926 to January 3, 1963, S. Doc. No. 163, 87th Cong. 2d Sess., Washington: U.S. Government Printing Office, 1963.",NARA,Relative to equal rights for men and women,1951-02-02,82,NA,NA,NA,Phillips,California,NA,NA,NA,NA,NA,NA,NA,NA,NA,NA,NA,NA,NA,NA
4542,"Proposed Amendments to the Constitution of the United States Introduced in Congress from the 69th Congress, 2d Session through the 87th Congress, 2d Session, December 6, 1926 to January 3, 1963, S. Doc. No. 163, 87th Cong. 2d Sess., Washington: U.S. Government Printing Office, 1963.",NARA,Relative to equal rights for men and women,1951-02-02,82,NA,NA,NA,Sheppard,California,NA,NA,NA,NA,NA,NA,NA,NA,NA,NA,NA,NA,NA,NA
4543,"Proposed Amendments to the Constitution of the United States Introduced in Congress from the 69th Congress, 2d Session through the 87th Congress, 2d Session, December 6, 1926 to January 3, 1963, S. Doc. No. 163, 87th Cong. 2d Sess., Washington: U.S. Government Printing Office, 1963.",NARA,Relative to equal rights for men and women,1951-02-02,82,NA,NA,NA,Farrington,Hawaii,NA,NA,NA,NA,NA,NA,NA,NA,NA,NA,NA,NA,NA,NA
4544,"Proposed Amendments to the Constitution of the United States Introduced in Congress from the 69th Congress, 2d Session through the 87th Congress, 2d Session, December 6, 1926 to January 3, 1963, S. Doc. No. 163, 87th Cong. 2d Sess., Washington: U.S. Government Printing Office, 1963.",NARA,Relative to equal rights for men and women,1951-02-02,82,NA,NA,NA,Reed,New York,NA,NA,NA,NA,NA,NA,NA,NA,NA,NA,NA,NA,NA,NA
5342,"Proposed Amendments to the Constitution of the United States Introduced in Congress from the 69th Congress, 2d Session through the 87th Congress, 2d Session, December 6, 1926 to January 3, 1963, S. Doc. No. 163, 87th Cong. 2d Sess., Washington: U.S. Government Printing Office, 1963.",NARA,Proposal relative to equal rights for men and women,1961-09-22,87,NA,NA,NA,McGee,Wyoming,NA,NA,NA,NA,NA,NA,NA,NA,NA,NA,NA,NA,NA,NA
5353,"Proposed Amendments to the Constitution of the United States Introduced in Congress from the 69th Congress, 2d Session through the 87th Congress, 2d Session, December 6, 1926 to January 3, 1963, S. Doc. No. 163, 87th Cong. 2d Sess., Washington: U.S. Government Printing Office, 1963.",NARA,Proposal relative to equal rights for men and women,1961-01-03,87,NA,NA,NA,Fallon,Maryland,NA,NA,NA,NA,NA,NA,NA,NA,NA,NA,NA,NA,NA,NA
5355,"Proposed Amendments to the Constitution of the United States Introduced in Congress from the 69th Congress, 2d Session through the 87th Congress, 2d Session, December 6, 1926 to January 3, 1963, S. Doc. No. 163, 87th Cong. 2d Sess., Washington: U.S. Government Printing Office, 1963.",NARA,Proposal relative to equal rights for men and women,1961-01-03,87,NA,NA,NA,Griffiths,Michigan,NA,NA,NA,NA,NA,NA,NA,NA,NA,NA,NA,NA,NA,NA
5359,"Proposed Amendments to the Constitution of the United States Introduced in Congress from the 69th Congress, 2d Session through the 87th Congress, 2d Session, December 6, 1926 to January 3, 1963, S. Doc. No. 163, 87th Cong. 2d Sess., Washington: U.S. Government Printing Office, 1963.",NARA,Proposal relative to equal rights for men and women,1961-01-03,87,NA,NA,NA,St. George,New York,NA,NA,NA,NA,NA,NA,NA,NA,NA,NA,NA,NA,NA,NA
5376,"Proposed Amendments to the Constitution of the United States Introduced in Congress from the 69th Congress, 2d Session through the 87th Congress, 2d Session, December 6, 1926 to January 3, 1963, S. Doc. No. 163, 87th Cong. 2d Sess., Washington: U.S. Government Printing Office, 1963.",NARA,Proposal relative to equal rights for men and women,1961-01-03,87,NA,NA,NA,McDonough,California,NA,NA,NA,NA,NA,NA,NA,NA,NA,NA,NA,NA,NA,NA
5380,"Proposed Amendments to the Constitution of the United States Introduced in Congress from the 69th Congress, 2d Session through the 87th Congress, 2d Session, December 6, 1926 to January 3, 1963, S. Doc. No. 163, 87th Cong. 2d Sess., Washington: U.S. Government Printing Office, 1963.",NARA,Proposal relative to equal rights for men and women,1961-01-03,87,NA,NA,NA,Multer,New York,NA,NA,NA,NA,NA,NA,NA,NA,NA,NA,NA,NA,NA,NA
5390,"Proposed Amendments to the Constitution of the United States Introduced in Congress from the 69th Congress, 2d Session through the 87th Congress, 2d Session, December 6, 1926 to January 3, 1963, S. Doc. No. 163, 87th Cong. 2d Sess., Washington: U.S. Government Printing Office, 1963.",NARA,Proposal relative to equal rights for men and women,1961-01-03,87,NA,NA,NA,Weis,New York,NA,NA,NA,NA,NA,NA,NA,NA,NA,NA,NA,NA,NA,NA
5393,"Proposed Amendments to the Constitution of the United States Introduced in Congress from the 69th Congress, 2d Session through the 87th Congress, 2d Session, December 6, 1926 to January 3, 1963, S. Doc. No. 163, 87th Cong. 2d Sess., Washington: U.S. Government Printing Office, 1963.",NARA,Proposal relative to equal rights for men and women,1961-01-04,87,NA,NA,NA,Bow,Ohio,NA,NA,NA,NA,NA,NA,NA,NA,NA,NA,NA,NA,NA,NA
5399,"Proposed Amendments to the Constitution of the United States Introduced in Congress from the 69th Congress, 2d Session through the 87th Congress, 2d Session, December 6, 1926 to January 3, 1963, S. Doc. No. 163, 87th Cong. 2d Sess., Washington: U.S. Government Printing Office, 1963.",NARA,Proposal for equal rights for men and women,1961-01-04,87,NA,NA,NA,Loser,Tennessee,NA,NA,NA,NA,NA,NA,NA,NA,NA,NA,NA,NA,NA,NA
5401,"Proposed Amendments to the Constitution of the United States Introduced in Congress from the 69th Congress, 2d Session through the 87th Congress, 2d Session, December 6, 1926 to January 3, 1963, S. Doc. No. 163, 87th Cong. 2d Sess., Washington: U.S. Government Printing Office, 1963.",NARA,Proposal for equal rights for men and women,1961-01-04,87,NA,NA,NA,Trimble,Arkansas,NA,NA,NA,NA,NA,NA,NA,NA,NA,NA,NA,NA,NA,NA
5404,"Proposed Amendments to the Constitution of the United States Introduced in Congress from the 69th Congress, 2d Session through the 87th Congress, 2d Session, December 6, 1926 to January 3, 1963, S. Doc. No. 163, 87th Cong. 2d Sess., Washington: U.S. Government Printing Office, 1963.",NARA,Proposal for equal rights for men and women,1961-01-09,87,NA,NA,NA,Bailey,West Virginia,NA,NA,NA,NA,NA,NA,NA,NA,NA,NA,NA,NA,NA,NA
5412,"Proposed Amendments to the Constitution of the United States Introduced in Congress from the 69th Congress, 2d Session through the 87th Congress, 2d Session, December 6, 1926 to January 3, 1963, S. Doc. No. 163, 87th Cong. 2d Sess., Washington: U.S. Government Printing Office, 1963.",NARA,Proposal relative to equal rights for men and women,1961-01-12,87,NA,NA,NA,Van Zandt,Pennsylvania,NA,NA,NA,NA,NA,NA,NA,NA,NA,NA,NA,NA,NA,NA
5425,"Proposed Amendments to the Constitution of the United States Introduced in Congress from the 69th Congress, 2d Session through the 87th Congress, 2d Session, December 6, 1926 to January 3, 1963, S. Doc. No. 163, 87th Cong. 2d Sess., Washington: U.S. Government Printing Office, 1963.",NARA,Proposal for equal rights for men and women,1961-01-30,87,NA,NA,NA,Garmatz,Maryland,NA,NA,NA,NA,NA,NA,NA,NA,NA,NA,NA,NA,NA,NA
5426,"Proposed Amendments to the Constitution of the United States Introduced in Congress from the 69th Congress, 2d Session through the 87th Congress, 2d Session, December 6, 1926 to January 3, 1963, S. Doc. No. 163, 87th Cong. 2d Sess., Washington: U.S. Government Printing Office, 1963.",NARA,Proposal for equal rights for men and women,1961-01-31,87,NA,NA,NA,Rhodes,Arizona,NA,NA,NA,NA,NA,NA,NA,NA,NA,NA,NA,NA,NA,NA
5427,"Proposed Amendments to the Constitution of the United States Introduced in Congress from the 69th Congress, 2d Session through the 87th Congress, 2d Session, December 6, 1926 to January 3, 1963, S. Doc. No. 163, 87th Cong. 2d Sess., Washington: U.S. Government Printing Office, 1963.",NARA,Proposal for equal rights for men and women,1961-02-02,87,NA,NA,NA,Lankford,Maryland,NA,NA,NA,NA,NA,NA,NA,NA,NA,NA,NA,NA,NA,NA
5429,"Proposed Amendments to the Constitution of the United States Introduced in Congress from the 69th Congress, 2d Session through the 87th Congress, 2d Session, December 6, 1926 to January 3, 1963, S. Doc. No. 163, 87th Cong. 2d Sess., Washington: U.S. Government Printing Office, 1963.",NARA,Proposal for equal rights for men and women,1961-02-02,87,NA,NA,NA,Siler,Kentucky,NA,NA,NA,NA,NA,NA,NA,NA,NA,NA,NA,NA,NA,NA
5430,"Proposed Amendments to the Constitution of the United States Introduced in Congress from the 69th Congress, 2d Session through the 87th Congress, 2d Session, December 6, 1926 to January 3, 1963, S. Doc. No. 163, 87th Cong. 2d Sess., Washington: U.S. Government Printing Office, 1963.",NARA,Proposal for equal rights for men and women,1961-02-02,87,NA,NA,NA,Thompson,Texas,NA,NA,NA,NA,NA,NA,NA,NA,NA,NA,NA,NA,NA,NA
5431,"Proposed Amendments to the Constitution of the United States Introduced in Congress from the 69th Congress, 2d Session through the 87th Congress, 2d Session, December 6, 1926 to January 3, 1963, S. Doc. No. 163, 87th Cong. 2d Sess., Washington: U.S. Government Printing Office, 1963.",NARA,Proposal for equal rights for men and women,1961-02-06,87,NA,NA,NA,Friedel,Maryland,NA,NA,NA,NA,NA,NA,NA,NA,NA,NA,NA,NA,NA,NA
5436,"Proposed Amendments to the Constitution of the United States Introduced in Congress from the 69th Congress, 2d Session through the 87th Congress, 2d Session, December 6, 1926 to January 3, 1963, S. Doc. No. 163, 87th Cong. 2d Sess., Washington: U.S. Government Printing Office, 1963.",NARA,Proposal for equal rights for men and women,1961-02-09,87,NA,NA,NA,Lipscomb,California,NA,NA,NA,NA,NA,NA,NA,NA,NA,NA,NA,NA,NA,NA
5437,"Proposed Amendments to the Constitution of the United States Introduced in Congress from the 69th Congress, 2d Session through the 87th Congress, 2d Session, December 6, 1926 to January 3, 1963, S. Doc. No. 163, 87th Cong. 2d Sess., Washington: U.S. Government Printing Office, 1963.",NARA,Proposal for equal rights for men and women,1961-02-09,87,NA,NA,NA,May,Washington,NA,NA,NA,NA,NA,NA,NA,NA,NA,NA,NA,NA,NA,NA
5442,"Proposed Amendments to the Constitution of the United States Introduced in Congress from the 69th Congress, 2d Session through the 87th Congress, 2d Session, December 6, 1926 to January 3, 1963, S. Doc. No. 163, 87th Cong. 2d Sess., Washington: U.S. Government Printing Office, 1963.",NARA,Proposal for equal rights for men and women,1961-02-13,87,NA,NA,NA,Cunningham,Nebraska,NA,NA,NA,NA,NA,NA,NA,NA,NA,NA,NA,NA,NA,NA
5444,"Proposed Amendments to the Constitution of the United States Introduced in Congress from the 69th Congress, 2d Session through the 87th Congress, 2d Session, December 6, 1926 to January 3, 1963, S. Doc. No. 163, 87th Cong. 2d Sess., Washington: U.S. Government Printing Office, 1963.",NARA,Proposal for equal rights for men and women,1961-02-13,87,NA,NA,NA,Mathias,Maryland,NA,NA,NA,NA,NA,NA,NA,NA,NA,NA,NA,NA,NA,NA
5445,"Proposed Amendments to the Constitution of the United States Introduced in Congress from the 69th Congress, 2d Session through the 87th Congress, 2d Session, December 6, 1926 to January 3, 1963, S. Doc. No. 163, 87th Cong. 2d Sess., Washington: U.S. Government Printing Office, 1963.",NARA,Proposal for equal rights for men and women,1961-02-15,87,NA,NA,NA,Barrett,Pennsylvania,NA,NA,NA,NA,NA,NA,NA,NA,NA,NA,NA,NA,NA,NA
5446,"Proposed Amendments to the Constitution of the United States Introduced in Congress from the 69th Congress, 2d Session through the 87th Congress, 2d Session, December 6, 1926 to January 3, 1963, S. Doc. No. 163, 87th Cong. 2d Sess., Washington: U.S. Government Printing Office, 1963.",NARA,Proposal relative to equal rights for men and women,1961-02-15,87,NA,NA,NA,Cederberg,Michigan,NA,NA,NA,NA,NA,NA,NA,NA,NA,NA,NA,NA,NA,NA
5448,"Proposed Amendments to the Constitution of the United States Introduced in Congress from the 69th Congress, 2d Session through the 87th Congress, 2d Session, December 6, 1926 to January 3, 1963, S. Doc. No. 163, 87th Cong. 2d Sess., Washington: U.S. Government Printing Office, 1963.",NARA,Proposal for equal rights for men and women,1961-02-16,87,NA,NA,NA,Clark,Pennsylvania,NA,NA,NA,NA,NA,NA,NA,NA,NA,NA,NA,NA,NA,NA
5453,"Proposed Amendments to the Constitution of the United States Introduced in Congress from the 69th Congress, 2d Session through the 87th Congress, 2d Session, December 6, 1926 to January 3, 1963, S. Doc. No. 163, 87th Cong. 2d Sess., Washington: U.S. Government Printing Office, 1963.",NARA,Proposal for equal rights for men and women,1961-02-20,87,NA,NA,NA,Conte,Massachusetts,NA,NA,NA,NA,NA,NA,NA,NA,NA,NA,NA,NA,NA,NA
5454,"Proposed Amendments to the Constitution of the United States Introduced in Congress from the 69th Congress, 2d Session through the 87th Congress, 2d Session, December 6, 1926 to January 3, 1963, S. Doc. No. 163, 87th Cong. 2d Sess., Washington: U.S. Government Printing Office, 1963.",NARA,Proposal for equal rights for men and women,1961-02-20,87,NA,NA,NA,Morse,Massachusetts,NA,NA,NA,NA,NA,NA,NA,NA,NA,NA,NA,NA,NA,NA
5455,"Proposed Amendments to the Constitution of the United States Introduced in Congress from the 69th Congress, 2d Session through the 87th Congress, 2d Session, December 6, 1926 to January 3, 1963, S. Doc. No. 163, 87th Cong. 2d Sess., Washington: U.S. Government Printing Office, 1963.",NARA,Proposal for equal rights for men and women,1961-02-21,87,NA,NA,NA,Passman,Louisiana,NA,NA,NA,NA,NA,NA,NA,NA,NA,NA,NA,NA,NA,NA
5456,"Proposed Amendments to the Constitution of the United States Introduced in Congress from the 69th Congress, 2d Session through the 87th Congress, 2d Session, December 6, 1926 to January 3, 1963, S. Doc. No. 163, 87th Cong. 2d Sess., Washington: U.S. Government Printing Office, 1963.",NARA,Proposal for equal rights for men and women,1961-02-21,87,NA,NA,NA,Teague,California,NA,NA,NA,NA,NA,NA,NA,NA,NA,NA,NA,NA,NA,NA
5457,"Proposed Amendments to the Constitution of the United States Introduced in Congress from the 69th Congress, 2d Session through the 87th Congress, 2d Session, December 6, 1926 to January 3, 1963, S. Doc. No. 163, 87th Cong. 2d Sess., Washington: U.S. Government Printing Office, 1963.",NARA,Proposal for equal rights for men and women,1961-02-23,87,NA,NA,NA,Byrnes,Pennsylvania,NA,NA,NA,NA,NA,NA,NA,NA,NA,NA,NA,NA,NA,NA
5458,"Proposed Amendments to the Constitution of the United States Introduced in Congress from the 69th Congress, 2d Session through the 87th Congress, 2d Session, December 6, 1926 to January 3, 1963, S. Doc. No. 163, 87th Cong. 2d Sess., Washington: U.S. Government Printing Office, 1963.",NARA,Proposal for equal rights for men and women,1961-02-23,87,NA,NA,NA,Cramer,Florida,NA,NA,NA,NA,NA,NA,NA,NA,NA,NA,NA,NA,NA,NA
5460,"Proposed Amendments to the Constitution of the United States Introduced in Congress from the 69th Congress, 2d Session through the 87th Congress, 2d Session, December 6, 1926 to January 3, 1963, S. Doc. No. 163, 87th Cong. 2d Sess., Washington: U.S. Government Printing Office, 1963.",NARA,Proposal for equal rights for men and women,1961-02-27,87,NA,NA,NA,Huddleston,Alabama,NA,NA,NA,NA,NA,NA,NA,NA,NA,NA,NA,NA,NA,NA
5462,"Proposed Amendments to the Constitution of the United States Introduced in Congress from the 69th Congress, 2d Session through the 87th Congress, 2d Session, December 6, 1926 to January 3, 1963, S. Doc. No. 163, 87th Cong. 2d Sess., Washington: U.S. Government Printing Office, 1963.",NARA,Proposal for equal rights for men and women,1961-02-27,87,NA,NA,NA,Sheppard,California,NA,NA,NA,NA,NA,NA,NA,NA,NA,NA,NA,NA,NA,NA
5463,"Proposed Amendments to the Constitution of the United States Introduced in Congress from the 69th Congress, 2d Session through the 87th Congress, 2d Session, December 6, 1926 to January 3, 1963, S. Doc. No. 163, 87th Cong. 2d Sess., Washington: U.S. Government Printing Office, 1963.",NARA,Proposal for equal rights for men and women,1961-02-27,87,NA,NA,NA,Sibal,Connecticut,NA,NA,NA,NA,NA,NA,NA,NA,NA,NA,NA,NA,NA,NA
5464,"Proposed Amendments to the Constitution of the United States Introduced in Congress from the 69th Congress, 2d Session through the 87th Congress, 2d Session, December 6, 1926 to January 3, 1963, S. Doc. No. 163, 87th Cong. 2d Sess., Washington: U.S. Government Printing Office, 1963.",NARA,Proposal for equal rights for men and women,1961-02-28,87,NA,NA,NA,Brewster,Maryland,NA,NA,NA,NA,NA,NA,NA,NA,NA,NA,NA,NA,NA,NA
5465,"Proposed Amendments to the Constitution of the United States Introduced in Congress from the 69th Congress, 2d Session through the 87th Congress, 2d Session, December 6, 1926 to January 3, 1963, S. Doc. No. 163, 87th Cong. 2d Sess., Washington: U.S. Government Printing Office, 1963.",NARA,Proposal for equal rights for men and women,1961-02-28,87,NA,NA,NA,Church,Illinois,NA,NA,NA,NA,NA,NA,NA,NA,NA,NA,NA,NA,NA,NA
5466,"Proposed Amendments to the Constitution of the United States Introduced in Congress from the 69th Congress, 2d Session through the 87th Congress, 2d Session, December 6, 1926 to January 3, 1963, S. Doc. No. 163, 87th Cong. 2d Sess., Washington: U.S. Government Printing Office, 1963.",NARA,Proposal for equal rights for men and women,1961-02-28,87,NA,NA,NA,Hagen,California,NA,NA,NA,NA,NA,NA,NA,NA,NA,NA,NA,NA,NA,NA
5467,"Proposed Amendments to the Constitution of the United States Introduced in Congress from the 69th Congress, 2d Session through the 87th Congress, 2d Session, December 6, 1926 to January 3, 1963, S. Doc. No. 163, 87th Cong. 2d Sess., Washington: U.S. Government Printing Office, 1963.",NARA,Proposal for equal rights for men and women,1961-02-28,87,NA,NA,NA,Johnson,California,NA,NA,NA,NA,NA,NA,NA,NA,NA,NA,NA,NA,NA,NA
5468,"Proposed Amendments to the Constitution of the United States Introduced in Congress from the 69th Congress, 2d Session through the 87th Congress, 2d Session, December 6, 1926 to January 3, 1963, S. Doc. No. 163, 87th Cong. 2d Sess., Washington: U.S. Government Printing Office, 1963.",NARA,Proposal for equal rights for men and women,1961-02-28,87,NA,NA,NA,Johnson,California,NA,NA,NA,NA,NA,NA,NA,NA,NA,NA,NA,NA,NA,NA
5470,"Proposed Amendments to the Constitution of the United States Introduced in Congress from the 69th Congress, 2d Session through the 87th Congress, 2d Session, December 6, 1926 to January 3, 1963, S. Doc. No. 163, 87th Cong. 2d Sess., Washington: U.S. Government Printing Office, 1963.",NARA,Proposal for equal rights for men and women,1961-02-28,87,NA,NA,NA,Matthews,Florida,NA,NA,NA,NA,NA,NA,NA,NA,NA,NA,NA,NA,NA,NA
5471,"Proposed Amendments to the Constitution of the United States Introduced in Congress from the 69th Congress, 2d Session through the 87th Congress, 2d Session, December 6, 1926 to January 3, 1963, S. Doc. No. 163, 87th Cong. 2d Sess., Washington: U.S. Government Printing Office, 1963.",NARA,Proposal for equal rights for men and women,1961-02-28,87,NA,NA,NA,Saund,California,NA,NA,NA,NA,NA,NA,NA,NA,NA,NA,NA,NA,NA,NA
5472,"Proposed Amendments to the Constitution of the United States Introduced in Congress from the 69th Congress, 2d Session through the 87th Congress, 2d Session, December 6, 1926 to January 3, 1963, S. Doc. No. 163, 87th Cong. 2d Sess., Washington: U.S. Government Printing Office, 1963.",NARA,Proposal for equal rights for men and women,1961-02-28,87,NA,NA,NA,Shipley,Illinois,NA,NA,NA,NA,NA,NA,NA,NA,NA,NA,NA,NA,NA,NA
5473,"Proposed Amendments to the Constitution of the United States Introduced in Congress from the 69th Congress, 2d Session through the 87th Congress, 2d Session, December 6, 1926 to January 3, 1963, S. Doc. No. 163, 87th Cong. 2d Sess., Washington: U.S. Government Printing Office, 1963.",NARA,Proposal for equal rights for men and women,1961-03-01,87,NA,NA,NA,Granahan,Pennsylvania,NA,NA,NA,NA,NA,NA,NA,NA,NA,NA,NA,NA,NA,NA
5474,"Proposed Amendments to the Constitution of the United States Introduced in Congress from the 69th Congress, 2d Session through the 87th Congress, 2d Session, December 6, 1926 to January 3, 1963, S. Doc. No. 163, 87th Cong. 2d Sess., Washington: U.S. Government Printing Office, 1963.",NARA,Proposal for equal rights for men and women,1961-03-02,87,NA,NA,NA,Moss,California,NA,NA,NA,NA,NA,NA,NA,NA,NA,NA,NA,NA,NA,NA
5475,"Proposed Amendments to the Constitution of the United States Introduced in Congress from the 69th Congress, 2d Session through the 87th Congress, 2d Session, December 6, 1926 to January 3, 1963, S. Doc. No. 163, 87th Cong. 2d Sess., Washington: U.S. Government Printing Office, 1963.",NARA,Proposal for equal rights for men and women,1961-03-06,87,NA,NA,NA,Gubser,California,NA,NA,NA,NA,NA,NA,NA,NA,NA,NA,NA,NA,NA,NA
5490,"Proposed Amendments to the Constitution of the United States Introduced in Congress from the 69th Congress, 2d Session through the 87th Congress, 2d Session, December 6, 1926 to January 3, 1963, S. Doc. No. 163, 87th Cong. 2d Sess., Washington: U.S. Government Printing Office, 1963.",NARA,Proposal for equal rights for men and women,1961-03-14,87,NA,NA,NA,Pirnie,New York,NA,NA,NA,NA,NA,NA,NA,NA,NA,NA,NA,NA,NA,NA
5518,"Proposed Amendments to the Constitution of the United States Introduced in Congress from the 69th Congress, 2d Session through the 87th Congress, 2d Session, December 6, 1926 to January 3, 1963, S. Doc. No. 163, 87th Cong. 2d Sess., Washington: U.S. Government Printing Office, 1963.",NARA,Proposal for equal rights for men and women,1961-04-11,87,NA,NA,NA,McIntire,Maine,NA,NA,NA,NA,NA,NA,NA,NA,NA,NA,NA,NA,NA,NA
5600,"Proposed Amendments to the Constitution of the United States Introduced in Congress from the 69th Congress, 2d Session through the 87th Congress, 2d Session, December 6, 1926 to January 3, 1963, S. Doc. No. 163, 87th Cong. 2d Sess., Washington: U.S. Government Printing Office, 1963.",NARA,Proposal relative to equal rights for men and women,1962-01-24,87,NA,NA,NA,Reifel,South Dakota,NA,NA,NA,NA,NA,NA,NA,NA,NA,NA,NA,NA,NA,NA
5605,"Proposed Amendments to the Constitution of the United States Introduced in Congress from the 69th Congress, 2d Session through the 87th Congress, 2d Session, December 6, 1926 to January 3, 1963, S. Doc. No. 163, 87th Cong. 2d Sess., Washington: U.S. Government Printing Office, 1963.",NARA,Proposal for equal rights for men and women,1962-03-06,87,NA,NA,NA,Short,North Dakota,NA,NA,NA,NA,NA,NA,NA,NA,NA,NA,NA,NA,NA,NA
5606,"Proposed Amendments to the Constitution of the United States Introduced in Congress from the 69th Congress, 2d Session through the 87th Congress, 2d Session, December 6, 1926 to January 3, 1963, S. Doc. No. 163, 87th Cong. 2d Sess., Washington: U.S. Government Printing Office, 1963.",NARA,Proposal for equal rights for men and women,1962-03-06,87,NA,NA,NA,Nix,Pennsylvania,NA,NA,NA,NA,NA,NA,NA,NA,NA,NA,NA,NA,NA,NA
5612,"Proposed Amendments to the Constitution of the United States Introduced in Congress from the 69th Congress, 2d Session through the 87th Congress, 2d Session, December 6, 1926 to January 3, 1963, S. Doc. No. 163, 87th Cong. 2d Sess., Washington: U.S. Government Printing Office, 1963.",NARA,Proposal for equal rights for men and women,1962-03-15,87,NA,NA,NA,Tollefson,Washington,NA,NA,NA,NA,NA,NA,NA,NA,NA,NA,NA,NA,NA,NA
5613,"Proposed Amendments to the Constitution of the United States Introduced in Congress from the 69th Congress, 2d Session through the 87th Congress, 2d Session, December 6, 1926 to January 3, 1963, S. Doc. No. 163, 87th Cong. 2d Sess., Washington: U.S. Government Printing Office, 1963.",NARA,Relative to equal rights for men and women,1962-03-19,87,NA,NA,NA,Morgan,Pennsylvania,NA,NA,NA,NA,NA,NA,NA,NA,NA,NA,NA,NA,NA,NA
5623,"Proposed Amendments to the Constitution of the United States Introduced in Congress from the 69th Congress, 2d Session through the 87th Congress, 2d Session, December 6, 1926 to January 3, 1963, S. Doc. No. 163, 87th Cong. 2d Sess., Washington: U.S. Government Printing Office, 1963.",NARA,Proposal relative to equal rights for men and women,1962-04-12,87,NA,NA,NA,Horan,Washington,NA,NA,NA,NA,NA,NA,NA,NA,NA,NA,NA,NA,NA,NA
5676,NA,NARA,Proposal relative to equal rights for men and women,1962-07-17,87,NA,NA,NA,Wilson,California,NA,NA,NA,NA,NA,NA,NA,NA,NA,NA,NA,NA,NA,NA
5679,NA,NARA,Proposal relative to equal rights for men and women,1962-07-24,87,NA,NA,NA,Flood,Pennsylvania,NA,NA,NA,NA,NA,NA,NA,NA,NA,NA,NA,NA,NA,NA
5691,NA,NARA,Proposal relative to equal rights for men and women,1961-07-18,87,NA,NA,NA,Olsen,Montana,NA,NA,NA,NA,NA,NA,NA,NA,NA,NA,NA,NA,NA,NA
5692,NA,NARA,Proposal relative to equal rights for men and women,1961-07-25,87,NA,NA,NA,Adair,Indiana,NA,NA,NA,NA,NA,NA,NA,NA,NA,NA,NA,NA,NA,NA
5693,NA,NARA,Proposal relative to equal rights for men and women,1961-08-17,87,NA,NA,NA,Steed,Oklahoma,NA,NA,NA,NA,NA,NA,NA,NA,NA,NA,NA,NA,NA,NA
5694,NA,NARA,Proposal relative to equal rights for men and women,1961-08-21,87,NA,NA,NA,Morrison,Louisiana,NA,NA,NA,NA,NA,NA,NA,NA,NA,NA,NA,NA,NA,NA
