id,source_citation,source_group,title_or_description_from_source,date,congress,congressional_session,joint_resolution_chamber,joint_resolution_number,sponsor_name,sponsor_state_or_territory,committee_of_referral,text_of_amendment,ratified_yn,ratified_amendment,notes,constitute_topic1,constitute_topic2,constitute_topic3,constitute_topic4,constitute_topic5,constitute_topic6,constitute_topic7,constitute_topic8,constitute_topic9
5696,"Proposed Amendments to the Constitution of the United States Introduced in Congress from the 88th Congress, 1st Session through the 90th Congress 2d Session, January 9, 1963 to January 3, 1969, S. Doc. No. 91-38, 91st Cong. 2d Sess., Washington: U.S. Government Printing Office, 1969.",NARA,Right to vote,1963-01-14,88,NA,NA,NA,Randolph,West Virginia,NA,NA,NA,NA,NA,Voteres-,NA,NA,NA,NA,NA,NA,NA,NA
5709,"Proposed Amendments to the Constitution of the United States Introduced in Congress from the 88th Congress, 1st Session through the 90th Congress 2d Session, January 9, 1963 to January 3, 1969, S. Doc. No. 91-38, 91st Cong. 2d Sess., Washington: U.S. Government Printing Office, 1969.",NARA,Right to vote,1963-02-05,88,NA,NA,NA,Keating,New York,NA,NA,NA,NA,NA,Voteres-,NA,NA,NA,NA,NA,NA,NA,NA
5710,"Proposed Amendments to the Constitution of the United States Introduced in Congress from the 88th Congress, 1st Session through the 90th Congress 2d Session, January 9, 1963 to January 3, 1969, S. Doc. No. 91-38, 91st Cong. 2d Sess., Washington: U.S. Government Printing Office, 1969.",NARA,Right to vote,1963-02-05,88,NA,NA,NA,Keating,New York,NA,NA,NA,NA,NA,Voteres-,NA,NA,NA,NA,NA,NA,NA,NA
5717,"Proposed Amendments to the Constitution of the United States Introduced in Congress from the 88th Congress, 1st Session through the 90th Congress 2d Session, January 9, 1963 to January 3, 1969, S. Doc. No. 91-38, 91st Cong. 2d Sess., Washington: U.S. Government Printing Office, 1969.",NARA,Right to vote,1963-05-16,88,NA,NA,NA,Williams,New Jersey,NA,NA,NA,NA,NA,Voteres-,NA,NA,NA,NA,NA,NA,NA,NA
5747,"Proposed Amendments to the Constitution of the United States Introduced in Congress from the 88th Congress, 1st Session through the 90th Congress 2d Session, January 9, 1963 to January 3, 1969, S. Doc. No. 91-38, 91st Cong. 2d Sess., Washington: U.S. Government Printing Office, 1969.",NARA,Right to vote,1963-01-09,88,NA,NA,NA,Dingell,Michigan,NA,NA,NA,NA,NA,Voteres-,NA,NA,NA,NA,NA,NA,NA,NA
5757,"Proposed Amendments to the Constitution of the United States Introduced in Congress from the 88th Congress, 1st Session through the 90th Congress 2d Session, January 9, 1963 to January 3, 1969, S. Doc. No. 91-38, 91st Cong. 2d Sess., Washington: U.S. Government Printing Office, 1969.",NARA,Right to vote,1963-01-09,88,NA,NA,NA,Cederberg,Michigan,NA,NA,NA,NA,NA,Voteres-,NA,NA,NA,NA,NA,NA,NA,NA
5785,"Proposed Amendments to the Constitution of the United States Introduced in Congress from the 88th Congress, 1st Session through the 90th Congress 2d Session, January 9, 1963 to January 3, 1969, S. Doc. No. 91-38, 91st Cong. 2d Sess., Washington: U.S. Government Printing Office, 1969.",NARA,Right to vote,1963-01-09,88,NA,NA,NA,Bates,Massachusetts,NA,NA,NA,NA,NA,Voteres-,NA,NA,NA,NA,NA,NA,NA,NA
5791,"Proposed Amendments to the Constitution of the United States Introduced in Congress from the 88th Congress, 1st Session through the 90th Congress 2d Session, January 9, 1963 to January 3, 1969, S. Doc. No. 91-38, 91st Cong. 2d Sess., Washington: U.S. Government Printing Office, 1969.",NARA,Right to vote,1963-01-09,88,NA,NA,NA,Gilbert,New York,NA,NA,NA,NA,NA,Voteres-,NA,NA,NA,NA,NA,NA,NA,NA
5803,"Proposed Amendments to the Constitution of the United States Introduced in Congress from the 88th Congress, 1st Session through the 90th Congress 2d Session, January 9, 1963 to January 3, 1969, S. Doc. No. 91-38, 91st Cong. 2d Sess., Washington: U.S. Government Printing Office, 1969.",NARA,Right to vote,1963-01-09,88,NA,NA,NA,Stratton,New York,NA,NA,NA,NA,NA,Voteres-,NA,NA,NA,NA,NA,NA,NA,NA
5816,"Proposed Amendments to the Constitution of the United States Introduced in Congress from the 88th Congress, 1st Session through the 90th Congress 2d Session, January 9, 1963 to January 3, 1969, S. Doc. No. 91-38, 91st Cong. 2d Sess., Washington: U.S. Government Printing Office, 1969.",NARA,Right to vote,1963-01-17,88,NA,NA,NA,Healey,New York,NA,NA,NA,NA,NA,Voteres-,NA,NA,NA,NA,NA,NA,NA,NA
5821,"Proposed Amendments to the Constitution of the United States Introduced in Congress from the 88th Congress, 1st Session through the 90th Congress 2d Session, January 9, 1963 to January 3, 1969, S. Doc. No. 91-38, 91st Cong. 2d Sess., Washington: U.S. Government Printing Office, 1969.",NARA,Right to vote,1963-01-17,88,NA,NA,NA,Robison,New York,NA,NA,NA,NA,NA,Voteres-,NA,NA,NA,NA,NA,NA,NA,NA
5867,"Proposed Amendments to the Constitution of the United States Introduced in Congress from the 88th Congress, 1st Session through the 90th Congress 2d Session, January 9, 1963 to January 3, 1969, S. Doc. No. 91-38, 91st Cong. 2d Sess., Washington: U.S. Government Printing Office, 1969.",NARA,Right to vote,1963-02-04,88,NA,NA,NA,Minish,New Jersey,NA,NA,NA,NA,NA,Voteres-,NA,NA,NA,NA,NA,NA,NA,NA
5872,"Proposed Amendments to the Constitution of the United States Introduced in Congress from the 88th Congress, 1st Session through the 90th Congress 2d Session, January 9, 1963 to January 3, 1969, S. Doc. No. 91-38, 91st Cong. 2d Sess., Washington: U.S. Government Printing Office, 1969.",NARA,Right to vote,1963-02-07,88,NA,NA,NA,Green,Oregon,NA,NA,NA,NA,NA,Voteres-,NA,NA,NA,NA,NA,NA,NA,NA
5951,"Proposed Amendments to the Constitution of the United States Introduced in Congress from the 88th Congress, 1st Session through the 90th Congress 2d Session, January 9, 1963 to January 3, 1969, S. Doc. No. 91-38, 91st Cong. 2d Sess., Washington: U.S. Government Printing Office, 1969.",NARA,Right to vote,1963-06-24,88,NA,NA,NA,Rumsfeld,Illinois,NA,NA,NA,NA,NA,Voteres-,NA,NA,NA,NA,NA,NA,NA,NA
6107,"Proposed Amendments to the Constitution of the United States Introduced in Congress from the 88th Congress, 1st Session through the 90th Congress 2d Session, January 9, 1963 to January 3, 1969, S. Doc. No. 91-38, 91st Cong. 2d Sess., Washington: U.S. Government Printing Office, 1969.",NARA,Right to vote,1964-03-04,88,NA,NA,NA,Gallagher,New Jersey,NA,NA,NA,NA,NA,Voteres-,NA,NA,NA,NA,NA,NA,NA,NA
6114,"Proposed Amendments to the Constitution of the United States Introduced in Congress from the 88th Congress, 1st Session through the 90th Congress 2d Session, January 9, 1963 to January 3, 1969, S. Doc. No. 91-38, 91st Cong. 2d Sess., Washington: U.S. Government Printing Office, 1969.",NARA,Right to vote,1964-04-06,88,NA,NA,NA,Schwengel,Iowa,NA,NA,NA,NA,NA,Voteres-,NA,NA,NA,NA,NA,NA,NA,NA
6212,"Proposed Amendments to the Constitution of the United States Introduced in Congress from the 88th Congress, 1st Session through the 90th Congress 2d Session, January 9, 1963 to January 3, 1969, S. Doc. No. 91-38, 91st Cong. 2d Sess., Washington: U.S. Government Printing Office, 1969.",NARA,Right to vote,1964-09-28,88,NA,NA,NA,Brotzman,Colorado,NA,NA,NA,NA,NA,Voteres-,NA,NA,NA,NA,NA,NA,NA,NA
6236,"Proposed Amendments to the Constitution of the United States Introduced in Congress from the 88th Congress, 1st Session through the 90th Congress 2d Session, January 9, 1963 to January 3, 1969, S. Doc. No. 91-38, 91st Cong. 2d Sess., Washington: U.S. Government Printing Office, 1969.",NARA,Right to vote,1965-02-01,89,NA,NA,NA,Cannon,Nevada,NA,NA,NA,NA,NA,Voteres-,NA,NA,NA,NA,NA,NA,NA,NA
6247,"Proposed Amendments to the Constitution of the United States Introduced in Congress from the 88th Congress, 1st Session through the 90th Congress 2d Session, January 9, 1963 to January 3, 1969, S. Doc. No. 91-38, 91st Cong. 2d Sess., Washington: U.S. Government Printing Office, 1969.",NARA,Right to vote,1965-04-30,89,NA,NA,NA,Williams,New Jersey,NA,NA,NA,NA,NA,Voteres-,NA,NA,NA,NA,NA,NA,NA,NA
6262,"Proposed Amendments to the Constitution of the United States Introduced in Congress from the 88th Congress, 1st Session through the 90th Congress 2d Session, January 9, 1963 to January 3, 1969, S. Doc. No. 91-38, 91st Cong. 2d Sess., Washington: U.S. Government Printing Office, 1969.",NARA,Right to vote,1966-07-22,89,NA,NA,NA,Randolph,West Virginia,NA,NA,NA,NA,NA,Voteres-,NA,NA,NA,NA,NA,NA,NA,NA
6305,"Proposed Amendments to the Constitution of the United States Introduced in Congress from the 88th Congress, 1st Session through the 90th Congress 2d Session, January 9, 1963 to January 3, 1969, S. Doc. No. 91-38, 91st Cong. 2d Sess., Washington: U.S. Government Printing Office, 1969.",NARA,Right to vote,1965-01-04,89,NA,NA,NA,Gallagher,New Jersey,NA,NA,NA,NA,NA,Voteres-,NA,NA,NA,NA,NA,NA,NA,NA
6309,"Proposed Amendments to the Constitution of the United States Introduced in Congress from the 88th Congress, 1st Session through the 90th Congress 2d Session, January 9, 1963 to January 3, 1969, S. Doc. No. 91-38, 91st Cong. 2d Sess., Washington: U.S. Government Printing Office, 1969.",NARA,Right to vote,1965-01-04,89,NA,NA,NA,Hechler,West Virginia,NA,NA,NA,NA,NA,Voteres-,NA,NA,NA,NA,NA,NA,NA,NA
6331,"Proposed Amendments to the Constitution of the United States Introduced in Congress from the 88th Congress, 1st Session through the 90th Congress 2d Session, January 9, 1963 to January 3, 1969, S. Doc. No. 91-38, 91st Cong. 2d Sess., Washington: U.S. Government Printing Office, 1969.",NARA,Right to vote,1965-01-04,89,NA,NA,NA,Stratton,New York,NA,NA,NA,NA,NA,Voteres-,NA,NA,NA,NA,NA,NA,NA,NA
6395,"Proposed Amendments to the Constitution of the United States Introduced in Congress from the 88th Congress, 1st Session through the 90th Congress 2d Session, January 9, 1963 to January 3, 1969, S. Doc. No. 91-38, 91st Cong. 2d Sess., Washington: U.S. Government Printing Office, 1969.",NARA,Right to vote,1965-01-18,89,NA,NA,NA,Cederberg,Michigan,NA,NA,NA,NA,NA,Voteres-,NA,NA,NA,NA,NA,NA,NA,NA
6476,"Proposed Amendments to the Constitution of the United States Introduced in Congress from the 88th Congress, 1st Session through the 90th Congress 2d Session, January 9, 1963 to January 3, 1969, S. Doc. No. 91-38, 91st Cong. 2d Sess., Washington: U.S. Government Printing Office, 1969.",NARA,Right to vote,1965-02-17,89,NA,NA,NA,Bates,Massachusetts,NA,NA,NA,NA,NA,Voteres-,NA,NA,NA,NA,NA,NA,NA,NA
6506,"Proposed Amendments to the Constitution of the United States Introduced in Congress from the 88th Congress, 1st Session through the 90th Congress 2d Session, January 9, 1963 to January 3, 1969, S. Doc. No. 91-38, 91st Cong. 2d Sess., Washington: U.S. Government Printing Office, 1969.",NARA,Right to vote,1965-03-11,89,NA,NA,NA,Schmidhauser,Iowa,NA,NA,NA,NA,NA,Voteres-,NA,NA,NA,NA,NA,NA,NA,NA
6518,"Proposed Amendments to the Constitution of the United States Introduced in Congress from the 88th Congress, 1st Session through the 90th Congress 2d Session, January 9, 1963 to January 3, 1969, S. Doc. No. 91-38, 91st Cong. 2d Sess., Washington: U.S. Government Printing Office, 1969.",NARA,Right to vote,1965-03-24,89,NA,NA,NA,Robison,New York,NA,NA,NA,NA,NA,Voteres-,NA,NA,NA,NA,NA,NA,NA,NA
6531,"Proposed Amendments to the Constitution of the United States Introduced in Congress from the 88th Congress, 1st Session through the 90th Congress 2d Session, January 9, 1963 to January 3, 1969, S. Doc. No. 91-38, 91st Cong. 2d Sess., Washington: U.S. Government Printing Office, 1969.",NARA,Right to vote,1965-04-28,89,NA,NA,NA,Diggs,Michigan,NA,NA,NA,NA,NA,Voteres-,NA,NA,NA,NA,NA,NA,NA,NA
6534,"Proposed Amendments to the Constitution of the United States Introduced in Congress from the 88th Congress, 1st Session through the 90th Congress 2d Session, January 9, 1963 to January 3, 1969, S. Doc. No. 91-38, 91st Cong. 2d Sess., Washington: U.S. Government Printing Office, 1969.",NARA,Right to vote,1965-05-03,89,NA,NA,NA,Rosenthal,New York,NA,NA,NA,NA,NA,Voteres-,NA,NA,NA,NA,NA,NA,NA,NA
6587,"Proposed Amendments to the Constitution of the United States Introduced in Congress from the 88th Congress, 1st Session through the 90th Congress 2d Session, January 9, 1963 to January 3, 1969, S. Doc. No. 91-38, 91st Cong. 2d Sess., Washington: U.S. Government Printing Office, 1969.",NARA,Right to vote,1965-08-11,89,NA,NA,NA,Weltner,Georgia,NA,NA,NA,NA,NA,Voteres-,NA,NA,NA,NA,NA,NA,NA,NA
6588,"Proposed Amendments to the Constitution of the United States Introduced in Congress from the 88th Congress, 1st Session through the 90th Congress 2d Session, January 9, 1963 to January 3, 1969, S. Doc. No. 91-38, 91st Cong. 2d Sess., Washington: U.S. Government Printing Office, 1969.",NARA,Right to vote,1965-08-12,89,NA,NA,NA,Fulton,Tennessee,NA,NA,NA,NA,NA,Voteres-,NA,NA,NA,NA,NA,NA,NA,NA
6597,"Proposed Amendments to the Constitution of the United States Introduced in Congress from the 88th Congress, 1st Session through the 90th Congress 2d Session, January 9, 1963 to January 3, 1969, S. Doc. No. 91-38, 91st Cong. 2d Sess., Washington: U.S. Government Printing Office, 1969.",NARA,Right to vote,1965-09-02,89,NA,NA,NA,Burton,California,NA,NA,NA,NA,NA,Voteres-,NA,NA,NA,NA,NA,NA,NA,NA
6599,"Proposed Amendments to the Constitution of the United States Introduced in Congress from the 88th Congress, 1st Session through the 90th Congress 2d Session, January 9, 1963 to January 3, 1969, S. Doc. No. 91-38, 91st Cong. 2d Sess., Washington: U.S. Government Printing Office, 1969.",NARA,Right to vote,1965-09-07,89,NA,NA,NA,Dent,Pennsylvania,NA,NA,NA,NA,NA,Voteres-,NA,NA,NA,NA,NA,NA,NA,NA
6600,"Proposed Amendments to the Constitution of the United States Introduced in Congress from the 88th Congress, 1st Session through the 90th Congress 2d Session, January 9, 1963 to January 3, 1969, S. Doc. No. 91-38, 91st Cong. 2d Sess., Washington: U.S. Government Printing Office, 1969.",NARA,Right to vote,1965-09-07,89,NA,NA,NA,Fulton,Pennsylvania,NA,NA,NA,NA,NA,Voteres-,NA,NA,NA,NA,NA,NA,NA,NA
6603,"Proposed Amendments to the Constitution of the United States Introduced in Congress from the 88th Congress, 1st Session through the 90th Congress 2d Session, January 9, 1963 to January 3, 1969, S. Doc. No. 91-38, 91st Cong. 2d Sess., Washington: U.S. Government Printing Office, 1969.",NARA,Right to vote,1965-09-14,89,NA,NA,NA,Gonzalez,Texas,NA,NA,NA,NA,NA,Voteres-,NA,NA,NA,NA,NA,NA,NA,NA
6605,"Proposed Amendments to the Constitution of the United States Introduced in Congress from the 88th Congress, 1st Session through the 90th Congress 2d Session, January 9, 1963 to January 3, 1969, S. Doc. No. 91-38, 91st Cong. 2d Sess., Washington: U.S. Government Printing Office, 1969.",NARA,Right to vote,1965-09-22,89,NA,NA,NA,Patman,Texas,NA,NA,NA,NA,NA,Voteres-,NA,NA,NA,NA,NA,NA,NA,NA
6606,"Proposed Amendments to the Constitution of the United States Introduced in Congress from the 88th Congress, 1st Session through the 90th Congress 2d Session, January 9, 1963 to January 3, 1969, S. Doc. No. 91-38, 91st Cong. 2d Sess., Washington: U.S. Government Printing Office, 1969.",NARA,Right to vote,1965-09-22,89,NA,NA,NA,O'Hara,Michigan,NA,NA,NA,NA,NA,Voteres-,NA,NA,NA,NA,NA,NA,NA,NA
6607,"Proposed Amendments to the Constitution of the United States Introduced in Congress from the 88th Congress, 1st Session through the 90th Congress 2d Session, January 9, 1963 to January 3, 1969, S. Doc. No. 91-38, 91st Cong. 2d Sess., Washington: U.S. Government Printing Office, 1969.",NARA,Right to vote,1965-09-27,89,NA,NA,NA,Roosevelt,California,NA,NA,NA,NA,NA,Voteres-,NA,NA,NA,NA,NA,NA,NA,NA
6608,"Proposed Amendments to the Constitution of the United States Introduced in Congress from the 88th Congress, 1st Session through the 90th Congress 2d Session, January 9, 1963 to January 3, 1969, S. Doc. No. 91-38, 91st Cong. 2d Sess., Washington: U.S. Government Printing Office, 1969.",NARA,Right to vote,1965-09-29,89,NA,NA,NA,McGrath,New Jersey,NA,NA,NA,NA,NA,Voteres-,NA,NA,NA,NA,NA,NA,NA,NA
6610,"Proposed Amendments to the Constitution of the United States Introduced in Congress from the 88th Congress, 1st Session through the 90th Congress 2d Session, January 9, 1963 to January 3, 1969, S. Doc. No. 91-38, 91st Cong. 2d Sess., Washington: U.S. Government Printing Office, 1969.",NARA,Right to vote,1965-09-29,89,NA,NA,NA,Pepper,Florida,NA,NA,NA,NA,NA,Voteres-,NA,NA,NA,NA,NA,NA,NA,NA
6612,"Proposed Amendments to the Constitution of the United States Introduced in Congress from the 88th Congress, 1st Session through the 90th Congress 2d Session, January 9, 1963 to January 3, 1969, S. Doc. No. 91-38, 91st Cong. 2d Sess., Washington: U.S. Government Printing Office, 1969.",NARA,Right to vote,1965-10-06,89,NA,NA,NA,Helstoski,New Jersey,NA,NA,NA,NA,NA,Voteres-,NA,NA,NA,NA,NA,NA,NA,NA
6615,"Proposed Amendments to the Constitution of the United States Introduced in Congress from the 88th Congress, 1st Session through the 90th Congress 2d Session, January 9, 1963 to January 3, 1969, S. Doc. No. 91-38, 91st Cong. 2d Sess., Washington: U.S. Government Printing Office, 1969.",NARA,Right to vote,1965-10-08,89,NA,NA,NA,Wolff,New York,NA,NA,NA,NA,NA,Voteres-,NA,NA,NA,NA,NA,NA,NA,NA
6619,"Proposed Amendments to the Constitution of the United States Introduced in Congress from the 88th Congress, 1st Session through the 90th Congress 2d Session, January 9, 1963 to January 3, 1969, S. Doc. No. 91-38, 91st Cong. 2d Sess., Washington: U.S. Government Printing Office, 1969.",NARA,Right to vote,1965-10-12,89,NA,NA,NA,Broyhill,Virginia,NA,NA,NA,NA,NA,Voteres-,NA,NA,NA,NA,NA,NA,NA,NA
6622,"Proposed Amendments to the Constitution of the United States Introduced in Congress from the 88th Congress, 1st Session through the 90th Congress 2d Session, January 9, 1963 to January 3, 1969, S. Doc. No. 91-38, 91st Cong. 2d Sess., Washington: U.S. Government Printing Office, 1969.",NARA,Right to vote,1965-10-13,89,NA,NA,NA,Olsen,Montana,NA,NA,NA,NA,NA,Voteres-,NA,NA,NA,NA,NA,NA,NA,NA
6628,"Proposed Amendments to the Constitution of the United States Introduced in Congress from the 88th Congress, 1st Session through the 90th Congress 2d Session, January 9, 1963 to January 3, 1969, S. Doc. No. 91-38, 91st Cong. 2d Sess., Washington: U.S. Government Printing Office, 1969.",NARA,Right to vote,1965-10-21,89,NA,NA,NA,Conyers,Michigan,NA,NA,NA,NA,NA,Voteres-,NA,NA,NA,NA,NA,NA,NA,NA
6634,"Proposed Amendments to the Constitution of the United States Introduced in Congress from the 88th Congress, 1st Session through the 90th Congress 2d Session, January 9, 1963 to January 3, 1969, S. Doc. No. 91-38, 91st Cong. 2d Sess., Washington: U.S. Government Printing Office, 1969.",NARA,Right to vote,1966-01-10,89,NA,NA,NA,Roncalio,Wyoming,NA,NA,NA,NA,NA,Voteres-,NA,NA,NA,NA,NA,NA,NA,NA
6640,"Proposed Amendments to the Constitution of the United States Introduced in Congress from the 88th Congress, 1st Session through the 90th Congress 2d Session, January 9, 1963 to January 3, 1969, S. Doc. No. 91-38, 91st Cong. 2d Sess., Washington: U.S. Government Printing Office, 1969.",NARA,Right to vote,1966-01-24,89,NA,NA,NA,Patten,New Jersey,NA,NA,NA,NA,NA,Voteres-,NA,NA,NA,NA,NA,NA,NA,NA
6655,"Proposed Amendments to the Constitution of the United States Introduced in Congress from the 88th Congress, 1st Session through the 90th Congress 2d Session, January 9, 1963 to January 3, 1969, S. Doc. No. 91-38, 91st Cong. 2d Sess., Washington: U.S. Government Printing Office, 1969.",NARA,Right to vote,1966-03-02,89,NA,NA,NA,Feighan,Ohio,NA,NA,NA,NA,NA,Voteres-,NA,NA,NA,NA,NA,NA,NA,NA
6660,"Proposed Amendments to the Constitution of the United States Introduced in Congress from the 88th Congress, 1st Session through the 90th Congress 2d Session, January 9, 1963 to January 3, 1969, S. Doc. No. 91-38, 91st Cong. 2d Sess., Washington: U.S. Government Printing Office, 1969.",NARA,Right to vote,1966-03-17,89,NA,NA,NA,Ford,Michigan,NA,NA,NA,NA,NA,Voteres-,NA,NA,NA,NA,NA,NA,NA,NA
6678,"Proposed Amendments to the Constitution of the United States Introduced in Congress from the 88th Congress, 1st Session through the 90th Congress 2d Session, January 9, 1963 to January 3, 1969, S. Doc. No. 91-38, 91st Cong. 2d Sess., Washington: U.S. Government Printing Office, 1969.",NARA,Right to vote,1966-05-04,89,NA,NA,NA,Davis,Georgia,NA,NA,NA,NA,NA,Voteres-,NA,NA,NA,NA,NA,NA,NA,NA
6703,"Proposed Amendments to the Constitution of the United States Introduced in Congress from the 88th Congress, 1st Session through the 90th Congress 2d Session, January 9, 1963 to January 3, 1969, S. Doc. No. 91-38, 91st Cong. 2d Sess., Washington: U.S. Government Printing Office, 1969.",NARA,Right to vote,1966-08-17,89,NA,NA,NA,Walker,New Mexico,NA,NA,NA,NA,NA,Voteres-,NA,NA,NA,NA,NA,NA,NA,NA
6713,"Proposed Amendments to the Constitution of the United States Introduced in Congress from the 88th Congress, 1st Session through the 90th Congress 2d Session, January 9, 1963 to January 3, 1969, S. Doc. No. 91-38, 91st Cong. 2d Sess., Washington: U.S. Government Printing Office, 1969.",NARA,Right to vote,1966-09-14,89,NA,NA,NA,Dyal,California,NA,NA,NA,NA,NA,Voteres-,NA,NA,NA,NA,NA,NA,NA,NA
6723,"Proposed Amendments to the Constitution of the United States Introduced in Congress from the 88th Congress, 1st Session through the 90th Congress 2d Session, January 9, 1963 to January 3, 1969, S. Doc. No. 91-38, 91st Cong. 2d Sess., Washington: U.S. Government Printing Office, 1969.",NARA,Right to vote,1967-01-11,90,NA,NA,NA,Williams,New Jersey,NA,NA,NA,NA,NA,Voteres-,NA,NA,NA,NA,NA,NA,NA,NA
6726,"Proposed Amendments to the Constitution of the United States Introduced in Congress from the 88th Congress, 1st Session through the 90th Congress 2d Session, January 9, 1963 to January 3, 1969, S. Doc. No. 91-38, 91st Cong. 2d Sess., Washington: U.S. Government Printing Office, 1969.",NARA,Right to vote,1967-01-12,90,NA,NA,NA,Mansfield,Montana,NA,NA,NA,NA,NA,Voteres-,NA,NA,NA,NA,NA,NA,NA,NA
6728,"Proposed Amendments to the Constitution of the United States Introduced in Congress from the 88th Congress, 1st Session through the 90th Congress 2d Session, January 9, 1963 to January 3, 1969, S. Doc. No. 91-38, 91st Cong. 2d Sess., Washington: U.S. Government Printing Office, 1969.",NARA,Right to vote,1967-01-16,90,NA,NA,NA,Randolph,West Virginia,NA,NA,NA,NA,NA,Voteres-,NA,NA,NA,NA,NA,NA,NA,NA
6742,"Proposed Amendments to the Constitution of the United States Introduced in Congress from the 88th Congress, 1st Session through the 90th Congress 2d Session, January 9, 1963 to January 3, 1969, S. Doc. No. 91-38, 91st Cong. 2d Sess., Washington: U.S. Government Printing Office, 1969.",NARA,Right to vote,1967-04-26,90,NA,NA,NA,Hartke,Indiana,NA,NA,NA,NA,NA,Voteres-,NA,NA,NA,NA,NA,NA,NA,NA
6747,"Proposed Amendments to the Constitution of the United States Introduced in Congress from the 88th Congress, 1st Session through the 90th Congress 2d Session, January 9, 1963 to January 3, 1969, S. Doc. No. 91-38, 91st Cong. 2d Sess., Washington: U.S. Government Printing Office, 1969.",NARA,Right to vote,1968-05-27,90,NA,NA,NA,Montoya,New Mexico,NA,NA,NA,NA,NA,Voteres-,NA,NA,NA,NA,NA,NA,NA,NA
6761,"Proposed Amendments to the Constitution of the United States Introduced in Congress from the 88th Congress, 1st Session through the 90th Congress 2d Session, January 9, 1963 to January 3, 1969, S. Doc. No. 91-38, 91st Cong. 2d Sess., Washington: U.S. Government Printing Office, 1969.",NARA,Right to vote,1967-01-10,90,NA,NA,NA,Howard,New Jersey,NA,NA,NA,NA,NA,Voteres-,NA,NA,NA,NA,NA,NA,NA,NA
6783,"Proposed Amendments to the Constitution of the United States Introduced in Congress from the 88th Congress, 1st Session through the 90th Congress 2d Session, January 9, 1963 to January 3, 1969, S. Doc. No. 91-38, 91st Cong. 2d Sess., Washington: U.S. Government Printing Office, 1969.",NARA,Right to vote,1967-01-10,90,NA,NA,NA,Gallagher,New Jersey,NA,NA,NA,NA,NA,Voteres-,NA,NA,NA,NA,NA,NA,NA,NA
6788,"Proposed Amendments to the Constitution of the United States Introduced in Congress from the 88th Congress, 1st Session through the 90th Congress 2d Session, January 9, 1963 to January 3, 1969, S. Doc. No. 91-38, 91st Cong. 2d Sess., Washington: U.S. Government Printing Office, 1969.",NARA,Right to vote,1967-01-10,90,NA,NA,NA,Hechler,West Virginia,NA,NA,NA,NA,NA,Voteres-,NA,NA,NA,NA,NA,NA,NA,NA
6800,"Proposed Amendments to the Constitution of the United States Introduced in Congress from the 88th Congress, 1st Session through the 90th Congress 2d Session, January 9, 1963 to January 3, 1969, S. Doc. No. 91-38, 91st Cong. 2d Sess., Washington: U.S. Government Printing Office, 1969.",NARA,Right to vote,1967-01-10,90,NA,NA,NA,O'Hara,Michigan,NA,NA,NA,NA,NA,Voteres-,NA,NA,NA,NA,NA,NA,NA,NA
6801,"Proposed Amendments to the Constitution of the United States Introduced in Congress from the 88th Congress, 1st Session through the 90th Congress 2d Session, January 9, 1963 to January 3, 1969, S. Doc. No. 91-38, 91st Cong. 2d Sess., Washington: U.S. Government Printing Office, 1969.",NARA,Right to vote,1967-01-10,90,NA,NA,NA,Patman,Texas,NA,NA,NA,NA,NA,Voteres-,NA,NA,NA,NA,NA,NA,NA,NA
6805,"Proposed Amendments to the Constitution of the United States Introduced in Congress from the 88th Congress, 1st Session through the 90th Congress 2d Session, January 9, 1963 to January 3, 1969, S. Doc. No. 91-38, 91st Cong. 2d Sess., Washington: U.S. Government Printing Office, 1969.",NARA,Right to vote,1967-01-10,90,NA,NA,NA,Roush,Indiana,NA,NA,NA,NA,NA,Voteres-,NA,NA,NA,NA,NA,NA,NA,NA
6807,"Proposed Amendments to the Constitution of the United States Introduced in Congress from the 88th Congress, 1st Session through the 90th Congress 2d Session, January 9, 1963 to January 3, 1969, S. Doc. No. 91-38, 91st Cong. 2d Sess., Washington: U.S. Government Printing Office, 1969.",NARA,Right to vote,1967-01-10,90,NA,NA,NA,Stratton,New York,NA,NA,NA,NA,NA,Voteres-,NA,NA,NA,NA,NA,NA,NA,NA
6814,"Proposed Amendments to the Constitution of the United States Introduced in Congress from the 88th Congress, 1st Session through the 90th Congress 2d Session, January 9, 1963 to January 3, 1969, S. Doc. No. 91-38, 91st Cong. 2d Sess., Washington: U.S. Government Printing Office, 1969.",NARA,Right to vote,1967-01-10,90,NA,NA,NA,Wolff,New York,NA,NA,NA,NA,NA,Voteres-,NA,NA,NA,NA,NA,NA,NA,NA
6817,"Proposed Amendments to the Constitution of the United States Introduced in Congress from the 88th Congress, 1st Session through the 90th Congress 2d Session, January 9, 1963 to January 3, 1969, S. Doc. No. 91-38, 91st Cong. 2d Sess., Washington: U.S. Government Printing Office, 1969.",NARA,Right to vote,1967-01-11,90,NA,NA,NA,de la Garza,Texas,NA,NA,NA,NA,NA,Voteres-,NA,NA,NA,NA,NA,NA,NA,NA
6823,"Proposed Amendments to the Constitution of the United States Introduced in Congress from the 88th Congress, 1st Session through the 90th Congress 2d Session, January 9, 1963 to January 3, 1969, S. Doc. No. 91-38, 91st Cong. 2d Sess., Washington: U.S. Government Printing Office, 1969.",NARA,Right to vote,1967-01-12,90,NA,NA,NA,Helstoski,New Jersey,NA,NA,NA,NA,NA,Voteres-,NA,NA,NA,NA,NA,NA,NA,NA
6826,"Proposed Amendments to the Constitution of the United States Introduced in Congress from the 88th Congress, 1st Session through the 90th Congress 2d Session, January 9, 1963 to January 3, 1969, S. Doc. No. 91-38, 91st Cong. 2d Sess., Washington: U.S. Government Printing Office, 1969.",NARA,Right to vote,1967-01-16,90,NA,NA,NA,Feighan,Ohio,NA,NA,NA,NA,NA,Voteres-,NA,NA,NA,NA,NA,NA,NA,NA
6827,"Proposed Amendments to the Constitution of the United States Introduced in Congress from the 88th Congress, 1st Session through the 90th Congress 2d Session, January 9, 1963 to January 3, 1969, S. Doc. No. 91-38, 91st Cong. 2d Sess., Washington: U.S. Government Printing Office, 1969.",NARA,Right to vote,1967-01-16,90,NA,NA,NA,Olsen,Montana,NA,NA,NA,NA,NA,Voteres-,NA,NA,NA,NA,NA,NA,NA,NA
6852,"Proposed Amendments to the Constitution of the United States Introduced in Congress from the 88th Congress, 1st Session through the 90th Congress 2d Session, January 9, 1963 to January 3, 1969, S. Doc. No. 91-38, 91st Cong. 2d Sess., Washington: U.S. Government Printing Office, 1969.",NARA,Right to vote,1967-01-19,90,NA,NA,NA,Rodino,New Jersey,NA,NA,NA,NA,NA,Voteres-,NA,NA,NA,NA,NA,NA,NA,NA
6861,"Proposed Amendments to the Constitution of the United States Introduced in Congress from the 88th Congress, 1st Session through the 90th Congress 2d Session, January 9, 1963 to January 3, 1969, S. Doc. No. 91-38, 91st Cong. 2d Sess., Washington: U.S. Government Printing Office, 1969.",NARA,Right to vote,1967-01-24,90,NA,NA,NA,Jacobs,Indiana,NA,NA,NA,NA,NA,Voteres-,NA,NA,NA,NA,NA,NA,NA,NA
6865,"Proposed Amendments to the Constitution of the United States Introduced in Congress from the 88th Congress, 1st Session through the 90th Congress 2d Session, January 9, 1963 to January 3, 1969, S. Doc. No. 91-38, 91st Cong. 2d Sess., Washington: U.S. Government Printing Office, 1969.",NARA,Right to vote,1967-01-25,90,NA,NA,NA,Edmondson,Oklahoma,NA,NA,NA,NA,NA,Voteres-,NA,NA,NA,NA,NA,NA,NA,NA
6881,"Proposed Amendments to the Constitution of the United States Introduced in Congress from the 88th Congress, 1st Session through the 90th Congress 2d Session, January 9, 1963 to January 3, 1969, S. Doc. No. 91-38, 91st Cong. 2d Sess., Washington: U.S. Government Printing Office, 1969.",NARA,Right to vote,1967-01-30,90,NA,NA,NA,St. Onge,Connecticut,NA,NA,NA,NA,NA,Voteres-,NA,NA,NA,NA,NA,NA,NA,NA
6895,"Proposed Amendments to the Constitution of the United States Introduced in Congress from the 88th Congress, 1st Session through the 90th Congress 2d Session, January 9, 1963 to January 3, 1969, S. Doc. No. 91-38, 91st Cong. 2d Sess., Washington: U.S. Government Printing Office, 1969.",NARA,Right to vote,1967-02-02,90,NA,NA,NA,Walker,New Mexico,NA,NA,NA,NA,NA,Voteres-,NA,NA,NA,NA,NA,NA,NA,NA
6906,"Proposed Amendments to the Constitution of the United States Introduced in Congress from the 88th Congress, 1st Session through the 90th Congress 2d Session, January 9, 1963 to January 3, 1969, S. Doc. No. 91-38, 91st Cong. 2d Sess., Washington: U.S. Government Printing Office, 1969.",NARA,Right to vote,1967-02-09,90,NA,NA,NA,Saylor,Pennsylvania,NA,NA,NA,NA,NA,Voteres-,NA,NA,NA,NA,NA,NA,NA,NA
6907,"Proposed Amendments to the Constitution of the United States Introduced in Congress from the 88th Congress, 1st Session through the 90th Congress 2d Session, January 9, 1963 to January 3, 1969, S. Doc. No. 91-38, 91st Cong. 2d Sess., Washington: U.S. Government Printing Office, 1969.",NARA,Right to vote,1967-02-13,90,NA,NA,NA,Davis,Georgia,NA,NA,NA,NA,NA,Voteres-,NA,NA,NA,NA,NA,NA,NA,NA
6923,"Proposed Amendments to the Constitution of the United States Introduced in Congress from the 88th Congress, 1st Session through the 90th Congress 2d Session, January 9, 1963 to January 3, 1969, S. Doc. No. 91-38, 91st Cong. 2d Sess., Washington: U.S. Government Printing Office, 1969.",NARA,Right to vote,1967-02-20,90,NA,NA,NA,Rosenthal,New York,NA,NA,NA,NA,NA,Voteres-,NA,NA,NA,NA,NA,NA,NA,NA
6926,"Proposed Amendments to the Constitution of the United States Introduced in Congress from the 88th Congress, 1st Session through the 90th Congress 2d Session, January 9, 1963 to January 3, 1969, S. Doc. No. 91-38, 91st Cong. 2d Sess., Washington: U.S. Government Printing Office, 1969.",NARA,Right to vote,1967-02-21,90,NA,NA,NA,Adams,Washington,NA,NA,NA,NA,NA,Voteres-,NA,NA,NA,NA,NA,NA,NA,NA
6928,"Proposed Amendments to the Constitution of the United States Introduced in Congress from the 88th Congress, 1st Session through the 90th Congress 2d Session, January 9, 1963 to January 3, 1969, S. Doc. No. 91-38, 91st Cong. 2d Sess., Washington: U.S. Government Printing Office, 1969.",NARA,Right to vote,1967-02-21,90,NA,NA,NA,Bolland,Massachusetts,NA,NA,NA,NA,NA,Voteres-,NA,NA,NA,NA,NA,NA,NA,NA
6930,"Proposed Amendments to the Constitution of the United States Introduced in Congress from the 88th Congress, 1st Session through the 90th Congress 2d Session, January 9, 1963 to January 3, 1969, S. Doc. No. 91-38, 91st Cong. 2d Sess., Washington: U.S. Government Printing Office, 1969.",NARA,Right to vote,1967-02-21,90,NA,NA,NA,Button,New York,NA,NA,NA,NA,NA,Voteres-,NA,NA,NA,NA,NA,NA,NA,NA
6931,"Proposed Amendments to the Constitution of the United States Introduced in Congress from the 88th Congress, 1st Session through the 90th Congress 2d Session, January 9, 1963 to January 3, 1969, S. Doc. No. 91-38, 91st Cong. 2d Sess., Washington: U.S. Government Printing Office, 1969.",NARA,Right to vote,1967-02-21,90,NA,NA,NA,Button,New York,NA,NA,NA,NA,NA,Voteres-,NA,NA,NA,NA,NA,NA,NA,NA
6932,"Proposed Amendments to the Constitution of the United States Introduced in Congress from the 88th Congress, 1st Session through the 90th Congress 2d Session, January 9, 1963 to January 3, 1969, S. Doc. No. 91-38, 91st Cong. 2d Sess., Washington: U.S. Government Printing Office, 1969.",NARA,Right to vote,1967-02-21,90,NA,NA,NA,Conyers,Michigan,NA,NA,NA,NA,NA,Voteres-,NA,NA,NA,NA,NA,NA,NA,NA
6934,"Proposed Amendments to the Constitution of the United States Introduced in Congress from the 88th Congress, 1st Session through the 90th Congress 2d Session, January 9, 1963 to January 3, 1969, S. Doc. No. 91-38, 91st Cong. 2d Sess., Washington: U.S. Government Printing Office, 1969.",NARA,Right to vote,1967-02-21,90,NA,NA,NA,Ford,Michigan,NA,NA,NA,NA,NA,Voteres-,NA,NA,NA,NA,NA,NA,NA,NA
6935,"Proposed Amendments to the Constitution of the United States Introduced in Congress from the 88th Congress, 1st Session through the 90th Congress 2d Session, January 9, 1963 to January 3, 1969, S. Doc. No. 91-38, 91st Cong. 2d Sess., Washington: U.S. Government Printing Office, 1969.",NARA,Right to vote,1967-02-21,90,NA,NA,NA,Hathaway,Maine,NA,NA,NA,NA,NA,Voteres-,NA,NA,NA,NA,NA,NA,NA,NA
6936,"Proposed Amendments to the Constitution of the United States Introduced in Congress from the 88th Congress, 1st Session through the 90th Congress 2d Session, January 9, 1963 to January 3, 1969, S. Doc. No. 91-38, 91st Cong. 2d Sess., Washington: U.S. Government Printing Office, 1969.",NARA,Right to vote,1967-02-21,90,NA,NA,NA,Meeds,Washington,NA,NA,NA,NA,NA,Voteres-,NA,NA,NA,NA,NA,NA,NA,NA
6937,"Proposed Amendments to the Constitution of the United States Introduced in Congress from the 88th Congress, 1st Session through the 90th Congress 2d Session, January 9, 1963 to January 3, 1969, S. Doc. No. 91-38, 91st Cong. 2d Sess., Washington: U.S. Government Printing Office, 1969.",NARA,Right to vote,1967-02-21,90,NA,NA,NA,Schweiker,Pennsylvania,NA,NA,NA,NA,NA,Voteres-,NA,NA,NA,NA,NA,NA,NA,NA
6938,"Proposed Amendments to the Constitution of the United States Introduced in Congress from the 88th Congress, 1st Session through the 90th Congress 2d Session, January 9, 1963 to January 3, 1969, S. Doc. No. 91-38, 91st Cong. 2d Sess., Washington: U.S. Government Printing Office, 1969.",NARA,Right to vote,1967-02-21,90,NA,NA,NA,Tenzer,New York,NA,NA,NA,NA,NA,Voteres-,NA,NA,NA,NA,NA,NA,NA,NA
6939,"Proposed Amendments to the Constitution of the United States Introduced in Congress from the 88th Congress, 1st Session through the 90th Congress 2d Session, January 9, 1963 to January 3, 1969, S. Doc. No. 91-38, 91st Cong. 2d Sess., Washington: U.S. Government Printing Office, 1969.",NARA,Right to vote,1967-02-21,90,NA,NA,NA,Winn,Kansas,NA,NA,NA,NA,NA,Voteres-,NA,NA,NA,NA,NA,NA,NA,NA
6941,"Proposed Amendments to the Constitution of the United States Introduced in Congress from the 88th Congress, 1st Session through the 90th Congress 2d Session, January 9, 1963 to January 3, 1969, S. Doc. No. 91-38, 91st Cong. 2d Sess., Washington: U.S. Government Printing Office, 1969.",NARA,Right to vote,1967-02-22,90,NA,NA,NA,Brasco,New York,NA,NA,NA,NA,NA,Voteres-,NA,NA,NA,NA,NA,NA,NA,NA
6943,"Proposed Amendments to the Constitution of the United States Introduced in Congress from the 88th Congress, 1st Session through the 90th Congress 2d Session, January 9, 1963 to January 3, 1969, S. Doc. No. 91-38, 91st Cong. 2d Sess., Washington: U.S. Government Printing Office, 1969.",NARA,Right to vote,1967-02-22,90,NA,NA,NA,Moorehead,Pennsylvania,NA,NA,NA,NA,NA,Voteres-,NA,NA,NA,NA,NA,NA,NA,NA
6944,"Proposed Amendments to the Constitution of the United States Introduced in Congress from the 88th Congress, 1st Session through the 90th Congress 2d Session, January 9, 1963 to January 3, 1969, S. Doc. No. 91-38, 91st Cong. 2d Sess., Washington: U.S. Government Printing Office, 1969.",NARA,Right to vote,1967-02-23,90,NA,NA,NA,Pepper,Florida,NA,NA,NA,NA,NA,Voteres-,NA,NA,NA,NA,NA,NA,NA,NA
6945,"Proposed Amendments to the Constitution of the United States Introduced in Congress from the 88th Congress, 1st Session through the 90th Congress 2d Session, January 9, 1963 to January 3, 1969, S. Doc. No. 91-38, 91st Cong. 2d Sess., Washington: U.S. Government Printing Office, 1969.",NARA,Right to vote,1967-02-23,90,NA,NA,NA,Scheuer,New York,NA,NA,NA,NA,NA,Voteres-,NA,NA,NA,NA,NA,NA,NA,NA
6951,"Proposed Amendments to the Constitution of the United States Introduced in Congress from the 88th Congress, 1st Session through the 90th Congress 2d Session, January 9, 1963 to January 3, 1969, S. Doc. No. 91-38, 91st Cong. 2d Sess., Washington: U.S. Government Printing Office, 1969.",NARA,Right to vote,1967-03-01,90,NA,NA,NA,McCarthy,New York,NA,NA,NA,NA,NA,Voteres-,NA,NA,NA,NA,NA,NA,NA,NA
6952,"Proposed Amendments to the Constitution of the United States Introduced in Congress from the 88th Congress, 1st Session through the 90th Congress 2d Session, January 9, 1963 to January 3, 1969, S. Doc. No. 91-38, 91st Cong. 2d Sess., Washington: U.S. Government Printing Office, 1969.",NARA,Right to vote,1967-03-01,90,NA,NA,NA,Stratton,New York,NA,NA,NA,NA,NA,Voteres-,NA,NA,NA,NA,NA,NA,NA,NA
6957,"Proposed Amendments to the Constitution of the United States Introduced in Congress from the 88th Congress, 1st Session through the 90th Congress 2d Session, January 9, 1963 to January 3, 1969, S. Doc. No. 91-38, 91st Cong. 2d Sess., Washington: U.S. Government Printing Office, 1969.",NARA,Right to vote,1967-03-02,90,NA,NA,NA,Eilberg,Pennsylvania,NA,NA,NA,NA,NA,Voteres-,NA,NA,NA,NA,NA,NA,NA,NA
6982,"Proposed Amendments to the Constitution of the United States Introduced in Congress from the 88th Congress, 1st Session through the 90th Congress 2d Session, January 9, 1963 to January 3, 1969, S. Doc. No. 91-38, 91st Cong. 2d Sess., Washington: U.S. Government Printing Office, 1969.",NARA,Right to vote,1967-03-15,90,NA,NA,NA,Tunney,California,NA,NA,NA,NA,NA,Voteres-,NA,NA,NA,NA,NA,NA,NA,NA
7000,"Proposed Amendments to the Constitution of the United States Introduced in Congress from the 88th Congress, 1st Session through the 90th Congress 2d Session, January 9, 1963 to January 3, 1969, S. Doc. No. 91-38, 91st Cong. 2d Sess., Washington: U.S. Government Printing Office, 1969.",NARA,Right to vote,1967-03-22,90,NA,NA,NA,Wolff,New York,NA,NA,NA,NA,NA,Voteres-,NA,NA,NA,NA,NA,NA,NA,NA
7004,"Proposed Amendments to the Constitution of the United States Introduced in Congress from the 88th Congress, 1st Session through the 90th Congress 2d Session, January 9, 1963 to January 3, 1969, S. Doc. No. 91-38, 91st Cong. 2d Sess., Washington: U.S. Government Printing Office, 1969.",NARA,Right to vote,1967-04-03,90,NA,NA,NA,Halpern,New York,NA,NA,NA,NA,NA,Voteres-,NA,NA,NA,NA,NA,NA,NA,NA
7007,"Proposed Amendments to the Constitution of the United States Introduced in Congress from the 88th Congress, 1st Session through the 90th Congress 2d Session, January 9, 1963 to January 3, 1969, S. Doc. No. 91-38, 91st Cong. 2d Sess., Washington: U.S. Government Printing Office, 1969.",NARA,Right to vote,1967-04-12,90,NA,NA,NA,Patten,New Jersey,NA,NA,NA,NA,NA,Voteres-,NA,NA,NA,NA,NA,NA,NA,NA
7022,"Proposed Amendments to the Constitution of the United States Introduced in Congress from the 88th Congress, 1st Session through the 90th Congress 2d Session, January 9, 1963 to January 3, 1969, S. Doc. No. 91-38, 91st Cong. 2d Sess., Washington: U.S. Government Printing Office, 1969.",NARA,Right to vote,1967-05-03,90,NA,NA,NA,Resnick,New York,NA,NA,NA,NA,NA,Voteres-,NA,NA,NA,NA,NA,NA,NA,NA
7025,"Proposed Amendments to the Constitution of the United States Introduced in Congress from the 88th Congress, 1st Session through the 90th Congress 2d Session, January 9, 1963 to January 3, 1969, S. Doc. No. 91-38, 91st Cong. 2d Sess., Washington: U.S. Government Printing Office, 1969.",NARA,Right to vote,1967-05-11,90,NA,NA,NA,Rooney,Pennsylvania,NA,NA,NA,NA,NA,Voteres-,NA,NA,NA,NA,NA,NA,NA,NA
7027,"Proposed Amendments to the Constitution of the United States Introduced in Congress from the 88th Congress, 1st Session through the 90th Congress 2d Session, January 9, 1963 to January 3, 1969, S. Doc. No. 91-38, 91st Cong. 2d Sess., Washington: U.S. Government Printing Office, 1969.",NARA,Right to vote,1967-05-15,90,NA,NA,NA,Fulton,Tennessee,NA,NA,NA,NA,NA,Voteres-,NA,NA,NA,NA,NA,NA,NA,NA
7031,"Proposed Amendments to the Constitution of the United States Introduced in Congress from the 88th Congress, 1st Session through the 90th Congress 2d Session, January 9, 1963 to January 3, 1969, S. Doc. No. 91-38, 91st Cong. 2d Sess., Washington: U.S. Government Printing Office, 1969.",NARA,Right to vote,1967-05-16,90,NA,NA,NA,Schwengel,Iowa,NA,NA,NA,NA,NA,Voteres-,NA,NA,NA,NA,NA,NA,NA,NA
7051,"Proposed Amendments to the Constitution of the United States Introduced in Congress from the 88th Congress, 1st Session through the 90th Congress 2d Session, January 9, 1963 to January 3, 1969, S. Doc. No. 91-38, 91st Cong. 2d Sess., Washington: U.S. Government Printing Office, 1969.",NARA,Right to vote,1967-06-15,90,NA,NA,NA,Diggs,Michigan,NA,NA,NA,NA,NA,Voteres-,NA,NA,NA,NA,NA,NA,NA,NA
7057,"Proposed Amendments to the Constitution of the United States Introduced in Congress from the 88th Congress, 1st Session through the 90th Congress 2d Session, January 9, 1963 to January 3, 1969, S. Doc. No. 91-38, 91st Cong. 2d Sess., Washington: U.S. Government Printing Office, 1969.",NARA,Right to vote,1967-06-22,90,NA,NA,NA,Zwach,Minnesota,NA,NA,NA,NA,NA,Voteres-,NA,NA,NA,NA,NA,NA,NA,NA
7068,"Proposed Amendments to the Constitution of the United States Introduced in Congress from the 88th Congress, 1st Session through the 90th Congress 2d Session, January 9, 1963 to January 3, 1969, S. Doc. No. 91-38, 91st Cong. 2d Sess., Washington: U.S. Government Printing Office, 1969.",NARA,Right to vote,1967-07-11,90,NA,NA,NA,Gonzales,Texas,NA,NA,NA,NA,NA,Voteres-,NA,NA,NA,NA,NA,NA,NA,NA
7082,"Proposed Amendments to the Constitution of the United States Introduced in Congress from the 88th Congress, 1st Session through the 90th Congress 2d Session, January 9, 1963 to January 3, 1969, S. Doc. No. 91-38, 91st Cong. 2d Sess., Washington: U.S. Government Printing Office, 1969.",NARA,Right to vote,1967-08-08,90,NA,NA,NA,Teague,Texas,NA,NA,NA,NA,NA,Voteres-,NA,NA,NA,NA,NA,NA,NA,NA
7090,"Proposed Amendments to the Constitution of the United States Introduced in Congress from the 88th Congress, 1st Session through the 90th Congress 2d Session, January 9, 1963 to January 3, 1969, S. Doc. No. 91-38, 91st Cong. 2d Sess., Washington: U.S. Government Printing Office, 1969.",NARA,Right to vote,1967-08-28,90,NA,NA,NA,Derwinski,Illinois,NA,NA,NA,NA,NA,Voteres-,NA,NA,NA,NA,NA,NA,NA,NA
7095,"Proposed Amendments to the Constitution of the United States Introduced in Congress from the 88th Congress, 1st Session through the 90th Congress 2d Session, January 9, 1963 to January 3, 1969, S. Doc. No. 91-38, 91st Cong. 2d Sess., Washington: U.S. Government Printing Office, 1969.",NARA,Right to vote,1967-09-25,90,NA,NA,NA,Fascell,Florida,NA,NA,NA,NA,NA,Voteres-,NA,NA,NA,NA,NA,NA,NA,NA
7122,"Proposed Amendments to the Constitution of the United States Introduced in Congress from the 88th Congress, 1st Session through the 90th Congress 2d Session, January 9, 1963 to January 3, 1969, S. Doc. No. 91-38, 91st Cong. 2d Sess., Washington: U.S. Government Printing Office, 1969.",NARA,Right to vote,1968-01-16,90,NA,NA,NA,Thompson,Georgia,NA,NA,NA,NA,NA,Voteres-,NA,NA,NA,NA,NA,NA,NA,NA
7138,"Proposed Amendments to the Constitution of the United States Introduced in Congress from the 88th Congress, 1st Session through the 90th Congress 2d Session, January 9, 1963 to January 3, 1969, S. Doc. No. 91-38, 91st Cong. 2d Sess., Washington: U.S. Government Printing Office, 1969.",NARA,Right to vote,1968-02-08,90,NA,NA,NA,Tiernan,Rhode Island,NA,NA,NA,NA,NA,Voteres-,NA,NA,NA,NA,NA,NA,NA,NA
7149,"Proposed Amendments to the Constitution of the United States Introduced in Congress from the 88th Congress, 1st Session through the 90th Congress 2d Session, January 9, 1963 to January 3, 1969, S. Doc. No. 91-38, 91st Cong. 2d Sess., Washington: U.S. Government Printing Office, 1969.",NARA,Right to vote,1968-02-26,90,NA,NA,NA,Robison,New York,NA,NA,NA,NA,NA,Voteres-,NA,NA,NA,NA,NA,NA,NA,NA
7154,"Proposed Amendments to the Constitution of the United States Introduced in Congress from the 88th Congress, 1st Session through the 90th Congress 2d Session, January 9, 1963 to January 3, 1969, S. Doc. No. 91-38, 91st Cong. 2d Sess., Washington: U.S. Government Printing Office, 1969.",NARA,Right to vote,1968-02-28,90,NA,NA,NA,Kelly,New York,NA,NA,NA,NA,NA,Voteres-,NA,NA,NA,NA,NA,NA,NA,NA
7164,"Proposed Amendments to the Constitution of the United States Introduced in Congress from the 88th Congress, 1st Session through the 90th Congress 2d Session, January 9, 1963 to January 3, 1969, S. Doc. No. 91-38, 91st Cong. 2d Sess., Washington: U.S. Government Printing Office, 1969.",NARA,Right to vote,1968-03-20,90,NA,NA,NA,Leggett,California,NA,NA,NA,NA,NA,Voteres-,NA,NA,NA,NA,NA,NA,NA,NA
7166,"Proposed Amendments to the Constitution of the United States Introduced in Congress from the 88th Congress, 1st Session through the 90th Congress 2d Session, January 9, 1963 to January 3, 1969, S. Doc. No. 91-38, 91st Cong. 2d Sess., Washington: U.S. Government Printing Office, 1969.",NARA,Right to vote,1968-03-25,90,NA,NA,NA,Fulton,Pennsylvania,NA,NA,NA,NA,NA,Voteres-,NA,NA,NA,NA,NA,NA,NA,NA
7179,"Proposed Amendments to the Constitution of the United States Introduced in Congress from the 88th Congress, 1st Session through the 90th Congress 2d Session, January 9, 1963 to January 3, 1969, S. Doc. No. 91-38, 91st Cong. 2d Sess., Washington: U.S. Government Printing Office, 1969.",NARA,Right to vote,1968-05-06,90,NA,NA,NA,Ashbrook,Ohio,NA,NA,NA,NA,NA,Voteres-,NA,NA,NA,NA,NA,NA,NA,NA
7185,"Proposed Amendments to the Constitution of the United States Introduced in Congress from the 88th Congress, 1st Session through the 90th Congress 2d Session, January 9, 1963 to January 3, 1969, S. Doc. No. 91-38, 91st Cong. 2d Sess., Washington: U.S. Government Printing Office, 1969.",NARA,Right to vote,1968-05-16,90,NA,NA,NA,Donohue,Massachusetts,NA,NA,NA,NA,NA,Voteres-,NA,NA,NA,NA,NA,NA,NA,NA
7199,"Proposed Amendments to the Constitution of the United States Introduced in Congress from the 88th Congress, 1st Session through the 90th Congress 2d Session, January 9, 1963 to January 3, 1969, S. Doc. No. 91-38, 91st Cong. 2d Sess., Washington: U.S. Government Printing Office, 1969.",NARA,Right to vote,1968-06-27,90,NA,NA,NA,Hungate,Missouri,NA,NA,NA,NA,NA,Voteres-,NA,NA,NA,NA,NA,NA,NA,NA
7200,"Proposed Amendments to the Constitution of the United States Introduced in Congress from the 88th Congress, 1st Session through the 90th Congress 2d Session, January 9, 1963 to January 3, 1969, S. Doc. No. 91-38, 91st Cong. 2d Sess., Washington: U.S. Government Printing Office, 1969.",NARA,Right to vote,1968-07-02,90,NA,NA,NA,Stratton,New York,NA,NA,NA,NA,NA,Voteres-,NA,NA,NA,NA,NA,NA,NA,NA
7203,"Proposed Amendments to the Constitution of the United States Introduced in Congress from the 88th Congress, 1st Session through the 90th Congress 2d Session, January 9, 1963 to January 3, 1969, S. Doc. No. 91-38, 91st Cong. 2d Sess., Washington: U.S. Government Printing Office, 1969.",NARA,Right to vote,1968-07-08,90,NA,NA,NA,Price,Illinois,NA,NA,NA,NA,NA,Voteres-,NA,NA,NA,NA,NA,NA,NA,NA
7204,"Proposed Amendments to the Constitution of the United States Introduced in Congress from the 88th Congress, 1st Session through the 90th Congress 2d Session, January 9, 1963 to January 3, 1969, S. Doc. No. 91-38, 91st Cong. 2d Sess., Washington: U.S. Government Printing Office, 1969.",NARA,Right to vote,1968-07-09,90,NA,NA,NA,Podell,New York,NA,NA,NA,NA,NA,Voteres-,NA,NA,NA,NA,NA,NA,NA,NA
7345,"Davis, Richard. Proposed Amendments to the Constitution of the United States Introduced in Congress from the 91st Congress, 1st Session through the 98th Congress, 2d Session, January 1969-December 1984, (CRS Report No. 85-36 GOV), Washington: Congressional Research Service, 1985.",NARA,Right to vote,1969-01-03,91,NA,NA,NA,Teague,Texas,NA,NA,NA,NA,NA,Voteres-,NA,NA,NA,NA,NA,NA,NA,NA
7359,"Davis, Richard. Proposed Amendments to the Constitution of the United States Introduced in Congress from the 91st Congress, 1st Session through the 98th Congress, 2d Session, January 1969-December 1984, (CRS Report No. 85-36 GOV), Washington: Congressional Research Service, 1985.",NARA,Right to vote,1969-01-03,91,NA,NA,NA,Ashbrook,Ohio,NA,NA,NA,NA,NA,Voteres-,NA,NA,NA,NA,NA,NA,NA,NA
7382,"Davis, Richard. Proposed Amendments to the Constitution of the United States Introduced in Congress from the 91st Congress, 1st Session through the 98th Congress, 2d Session, January 1969-December 1984, (CRS Report No. 85-36 GOV), Washington: Congressional Research Service, 1985.",NARA,Right to vote,1969-01-03,91,NA,NA,NA,Hechler,West Virginia,NA,NA,NA,NA,NA,Voteres-,NA,NA,NA,NA,NA,NA,NA,NA
7383,"Davis, Richard. Proposed Amendments to the Constitution of the United States Introduced in Congress from the 91st Congress, 1st Session through the 98th Congress, 2d Session, January 1969-December 1984, (CRS Report No. 85-36 GOV), Washington: Congressional Research Service, 1985.",NARA,Right to vote,1969-01-03,91,NA,NA,NA,Helstoski,New Jersey,NA,NA,NA,NA,NA,Voteres-,NA,NA,NA,NA,NA,NA,NA,NA
7391,"Davis, Richard. Proposed Amendments to the Constitution of the United States Introduced in Congress from the 91st Congress, 1st Session through the 98th Congress, 2d Session, January 1969-December 1984, (CRS Report No. 85-36 GOV), Washington: Congressional Research Service, 1985.",NARA,Right to vote,1969-01-03,91,NA,NA,NA,Price,Illinois,NA,NA,NA,NA,NA,Voteres-,NA,NA,NA,NA,NA,NA,NA,NA
7407,"Davis, Richard. Proposed Amendments to the Constitution of the United States Introduced in Congress from the 91st Congress, 1st Session through the 98th Congress, 2d Session, January 1969-December 1984, (CRS Report No. 85-36 GOV), Washington: Congressional Research Service, 1985.",NARA,Right to vote,1969-01-06,91,NA,NA,NA,Karth,Minnesota,NA,NA,NA,NA,NA,Voteres-,NA,NA,NA,NA,NA,NA,NA,NA
7412,"Davis, Richard. Proposed Amendments to the Constitution of the United States Introduced in Congress from the 91st Congress, 1st Session through the 98th Congress, 2d Session, January 1969-December 1984, (CRS Report No. 85-36 GOV), Washington: Congressional Research Service, 1985.",NARA,Right to vote,1969-01-06,91,NA,NA,NA,Stratton,New York,NA,NA,NA,NA,NA,Voteres-,NA,NA,NA,NA,NA,NA,NA,NA
7426,"Davis, Richard. Proposed Amendments to the Constitution of the United States Introduced in Congress from the 91st Congress, 1st Session through the 98th Congress, 2d Session, January 1969-December 1984, (CRS Report No. 85-36 GOV), Washington: Congressional Research Service, 1985.",NARA,Right to vote,1969-01-09,91,NA,NA,NA,Reid,New York,NA,NA,NA,NA,NA,Voteres-,NA,NA,NA,NA,NA,NA,NA,NA
7428,"Davis, Richard. Proposed Amendments to the Constitution of the United States Introduced in Congress from the 91st Congress, 1st Session through the 98th Congress, 2d Session, January 1969-December 1984, (CRS Report No. 85-36 GOV), Washington: Congressional Research Service, 1985.",NARA,Right to vote,1969-01-09,91,NA,NA,NA,Shipley,Illinois,NA,NA,NA,NA,NA,Voteres-,NA,NA,NA,NA,NA,NA,NA,NA
7439,"Davis, Richard. Proposed Amendments to the Constitution of the United States Introduced in Congress from the 91st Congress, 1st Session through the 98th Congress, 2d Session, January 1969-December 1984, (CRS Report No. 85-36 GOV), Washington: Congressional Research Service, 1985.",NARA,Right to vote,1969-01-16,91,NA,NA,NA,Fraser,Minnesota,NA,NA,NA,NA,NA,Voteres-,NA,NA,NA,NA,NA,NA,NA,NA
7440,"Davis, Richard. Proposed Amendments to the Constitution of the United States Introduced in Congress from the 91st Congress, 1st Session through the 98th Congress, 2d Session, January 1969-December 1984, (CRS Report No. 85-36 GOV), Washington: Congressional Research Service, 1985.",NARA,Right to vote,1969-01-16,91,NA,NA,NA,Fraser,Minnesota,NA,NA,NA,NA,NA,Voteres-,NA,NA,NA,NA,NA,NA,NA,NA
7445,"Davis, Richard. Proposed Amendments to the Constitution of the United States Introduced in Congress from the 91st Congress, 1st Session through the 98th Congress, 2d Session, January 1969-December 1984, (CRS Report No. 85-36 GOV), Washington: Congressional Research Service, 1985.",NARA,Right to vote,1969-01-16,91,NA,NA,NA,Tiernan,Rhode Island,NA,NA,NA,NA,NA,Voteres-,NA,NA,NA,NA,NA,NA,NA,NA
7447,"Davis, Richard. Proposed Amendments to the Constitution of the United States Introduced in Congress from the 91st Congress, 1st Session through the 98th Congress, 2d Session, January 1969-December 1984, (CRS Report No. 85-36 GOV), Washington: Congressional Research Service, 1985.",NARA,Right to vote,1969-01-17,91,NA,NA,NA,Saylor,Pennsylvania,NA,NA,NA,NA,NA,Voteres-,NA,NA,NA,NA,NA,NA,NA,NA
7482,"Davis, Richard. Proposed Amendments to the Constitution of the United States Introduced in Congress from the 91st Congress, 1st Session through the 98th Congress, 2d Session, January 1969-December 1984, (CRS Report No. 85-36 GOV), Washington: Congressional Research Service, 1985.",NARA,Right to vote,1969-02-03,91,NA,NA,NA,Adams,Washington,NA,NA,NA,NA,NA,Voteres-,NA,NA,NA,NA,NA,NA,NA,NA
7487,"Davis, Richard. Proposed Amendments to the Constitution of the United States Introduced in Congress from the 91st Congress, 1st Session through the 98th Congress, 2d Session, January 1969-December 1984, (CRS Report No. 85-36 GOV), Washington: Congressional Research Service, 1985.",NARA,Right to vote,1969-02-03,91,NA,NA,NA,Moorhead,Pennsylvania,NA,NA,NA,NA,NA,Voteres-,NA,NA,NA,NA,NA,NA,NA,NA
7488,"Davis, Richard. Proposed Amendments to the Constitution of the United States Introduced in Congress from the 91st Congress, 1st Session through the 98th Congress, 2d Session, January 1969-December 1984, (CRS Report No. 85-36 GOV), Washington: Congressional Research Service, 1985.",NARA,Right to vote,1969-02-03,91,NA,NA,NA,Patman,Texas,NA,NA,NA,NA,NA,Voteres-,NA,NA,NA,NA,NA,NA,NA,NA
7506,"Davis, Richard. Proposed Amendments to the Constitution of the United States Introduced in Congress from the 91st Congress, 1st Session through the 98th Congress, 2d Session, January 1969-December 1984, (CRS Report No. 85-36 GOV), Washington: Congressional Research Service, 1985.",NARA,Right to vote,1969-02-04,91,NA,NA,NA,Podell,New York,NA,NA,NA,NA,NA,Voteres-,NA,NA,NA,NA,NA,NA,NA,NA
7510,"Davis, Richard. Proposed Amendments to the Constitution of the United States Introduced in Congress from the 91st Congress, 1st Session through the 98th Congress, 2d Session, January 1969-December 1984, (CRS Report No. 85-36 GOV), Washington: Congressional Research Service, 1985.",NARA,Right to vote,1969-02-04,91,NA,NA,NA,Waldie,California,NA,NA,NA,NA,NA,Voteres-,NA,NA,NA,NA,NA,NA,NA,NA
7512,"Davis, Richard. Proposed Amendments to the Constitution of the United States Introduced in Congress from the 91st Congress, 1st Session through the 98th Congress, 2d Session, January 1969-December 1984, (CRS Report No. 85-36 GOV), Washington: Congressional Research Service, 1985.",NARA,Right to vote,1969-02-05,91,NA,NA,NA,Anderson,Tennessee,NA,NA,NA,NA,NA,Voteres-,NA,NA,NA,NA,NA,NA,NA,NA
7513,"Davis, Richard. Proposed Amendments to the Constitution of the United States Introduced in Congress from the 91st Congress, 1st Session through the 98th Congress, 2d Session, January 1969-December 1984, (CRS Report No. 85-36 GOV), Washington: Congressional Research Service, 1985.",NARA,Right to vote,1969-02-04,91,NA,NA,NA,Bell,California,NA,NA,NA,NA,NA,Voteres-,NA,NA,NA,NA,NA,NA,NA,NA
7516,"Davis, Richard. Proposed Amendments to the Constitution of the United States Introduced in Congress from the 91st Congress, 1st Session through the 98th Congress, 2d Session, January 1969-December 1984, (CRS Report No. 85-36 GOV), Washington: Congressional Research Service, 1985.",NARA,Right to vote,1969-02-05,91,NA,NA,NA,Donohue,Massachusetts,NA,NA,NA,NA,NA,Voteres-,NA,NA,NA,NA,NA,NA,NA,NA
7519,"Davis, Richard. Proposed Amendments to the Constitution of the United States Introduced in Congress from the 91st Congress, 1st Session through the 98th Congress, 2d Session, January 1969-December 1984, (CRS Report No. 85-36 GOV), Washington: Congressional Research Service, 1985.",NARA,Right to vote,1969-02-05,91,NA,NA,NA,Flood,Pennsylvania,NA,NA,NA,NA,NA,Voteres-,NA,NA,NA,NA,NA,NA,NA,NA
7527,"Davis, Richard. Proposed Amendments to the Constitution of the United States Introduced in Congress from the 91st Congress, 1st Session through the 98th Congress, 2d Session, January 1969-December 1984, (CRS Report No. 85-36 GOV), Washington: Congressional Research Service, 1985.",NARA,Right to vote,1969-02-05,91,NA,NA,NA,Pepper,Florida,NA,NA,NA,NA,NA,Voteres-,NA,NA,NA,NA,NA,NA,NA,NA
7533,"Davis, Richard. Proposed Amendments to the Constitution of the United States Introduced in Congress from the 91st Congress, 1st Session through the 98th Congress, 2d Session, January 1969-December 1984, (CRS Report No. 85-36 GOV), Washington: Congressional Research Service, 1985.",NARA,Right to vote,1969-02-05,91,NA,NA,NA,Zwach,Minnesota,NA,NA,NA,NA,NA,Voteres-,NA,NA,NA,NA,NA,NA,NA,NA
7534,"Davis, Richard. Proposed Amendments to the Constitution of the United States Introduced in Congress from the 91st Congress, 1st Session through the 98th Congress, 2d Session, January 1969-December 1984, (CRS Report No. 85-36 GOV), Washington: Congressional Research Service, 1985.",NARA,Right to vote,1969-02-06,91,NA,NA,NA,Anderson,California,NA,NA,NA,NA,NA,Voteres-,NA,NA,NA,NA,NA,NA,NA,NA
7544,"Davis, Richard. Proposed Amendments to the Constitution of the United States Introduced in Congress from the 91st Congress, 1st Session through the 98th Congress, 2d Session, January 1969-December 1984, (CRS Report No. 85-36 GOV), Washington: Congressional Research Service, 1985.",NARA,Right to vote,1969-02-06,91,NA,NA,NA,Rooney,Pennsylvania,NA,NA,NA,NA,NA,Voteres-,NA,NA,NA,NA,NA,NA,NA,NA
7554,"Davis, Richard. Proposed Amendments to the Constitution of the United States Introduced in Congress from the 91st Congress, 1st Session through the 98th Congress, 2d Session, January 1969-December 1984, (CRS Report No. 85-36 GOV), Washington: Congressional Research Service, 1985.",NARA,Right to vote,1969-02-17,91,NA,NA,NA,Diggs,Michigan,NA,NA,NA,NA,NA,Voteres-,NA,NA,NA,NA,NA,NA,NA,NA
7555,"Davis, Richard. Proposed Amendments to the Constitution of the United States Introduced in Congress from the 91st Congress, 1st Session through the 98th Congress, 2d Session, January 1969-December 1984, (CRS Report No. 85-36 GOV), Washington: Congressional Research Service, 1985.",NARA,Right to vote,1969-02-17,91,NA,NA,NA,Fascell,Florida,NA,NA,NA,NA,NA,Voteres-,NA,NA,NA,NA,NA,NA,NA,NA
7572,"Davis, Richard. Proposed Amendments to the Constitution of the United States Introduced in Congress from the 91st Congress, 1st Session through the 98th Congress, 2d Session, January 1969-December 1984, (CRS Report No. 85-36 GOV), Washington: Congressional Research Service, 1985.",NARA,Right to vote,1969-02-19,91,NA,NA,NA,Hathaway,Maine,NA,NA,NA,NA,NA,Voteres-,NA,NA,NA,NA,NA,NA,NA,NA
7586,"Davis, Richard. Proposed Amendments to the Constitution of the United States Introduced in Congress from the 91st Congress, 1st Session through the 98th Congress, 2d Session, January 1969-December 1984, (CRS Report No. 85-36 GOV), Washington: Congressional Research Service, 1985.",NARA,Right to vote,1969-02-25,91,NA,NA,NA,Ronan,Illinois,NA,NA,NA,NA,NA,Voteres-,NA,NA,NA,NA,NA,NA,NA,NA
7596,"Davis, Richard. Proposed Amendments to the Constitution of the United States Introduced in Congress from the 91st Congress, 1st Session through the 98th Congress, 2d Session, January 1969-December 1984, (CRS Report No. 85-36 GOV), Washington: Congressional Research Service, 1985.",NARA,Right to vote,1969-02-27,91,NA,NA,NA,McFall,California,NA,NA,NA,NA,NA,Voteres-,NA,NA,NA,NA,NA,NA,NA,NA
7609,"Davis, Richard. Proposed Amendments to the Constitution of the United States Introduced in Congress from the 91st Congress, 1st Session through the 98th Congress, 2d Session, January 1969-December 1984, (CRS Report No. 85-36 GOV), Washington: Congressional Research Service, 1985.",NARA,Right to vote,1969-03-04,91,NA,NA,NA,Thompson,New Jersey,NA,NA,NA,NA,NA,Voteres-,NA,NA,NA,NA,NA,NA,NA,NA
7614,"Davis, Richard. Proposed Amendments to the Constitution of the United States Introduced in Congress from the 91st Congress, 1st Session through the 98th Congress, 2d Session, January 1969-December 1984, (CRS Report No. 85-36 GOV), Washington: Congressional Research Service, 1985.",NARA,Right to vote,1969-03-06,91,NA,NA,NA,O'Hara,Michigan,NA,NA,NA,NA,NA,Voteres-,NA,NA,NA,NA,NA,NA,NA,NA
7636,"Davis, Richard. Proposed Amendments to the Constitution of the United States Introduced in Congress from the 91st Congress, 1st Session through the 98th Congress, 2d Session, January 1969-December 1984, (CRS Report No. 85-36 GOV), Washington: Congressional Research Service, 1985.",NARA,Right to vote,1969-03-17,91,NA,NA,NA,Jacobs,Indiana,NA,NA,NA,NA,NA,Voteres-,NA,NA,NA,NA,NA,NA,NA,NA
7665,"Davis, Richard. Proposed Amendments to the Constitution of the United States Introduced in Congress from the 91st Congress, 1st Session through the 98th Congress, 2d Session, January 1969-December 1984, (CRS Report No. 85-36 GOV), Washington: Congressional Research Service, 1985.",NARA,Right to vote,1969-03-25,91,NA,NA,NA,St. Onge,Connecticut,NA,NA,NA,NA,NA,Voteres-,NA,NA,NA,NA,NA,NA,NA,NA
7693,"Davis, Richard. Proposed Amendments to the Constitution of the United States Introduced in Congress from the 91st Congress, 1st Session through the 98th Congress, 2d Session, January 1969-December 1984, (CRS Report No. 85-36 GOV), Washington: Congressional Research Service, 1985.",NARA,Right to vote,1969-04-15,91,NA,NA,NA,Fulton,Tennessee,NA,NA,NA,NA,NA,Voteres-,NA,NA,NA,NA,NA,NA,NA,NA
7702,"Davis, Richard. Proposed Amendments to the Constitution of the United States Introduced in Congress from the 91st Congress, 1st Session through the 98th Congress, 2d Session, January 1969-December 1984, (CRS Report No. 85-36 GOV), Washington: Congressional Research Service, 1985.",NARA,Right to vote,1969-04-17,91,NA,NA,NA,Cahill,New Jersey,NA,NA,NA,NA,NA,Voteres-,NA,NA,NA,NA,NA,NA,NA,NA
7706,"Davis, Richard. Proposed Amendments to the Constitution of the United States Introduced in Congress from the 91st Congress, 1st Session through the 98th Congress, 2d Session, January 1969-December 1984, (CRS Report No. 85-36 GOV), Washington: Congressional Research Service, 1985.",NARA,Right to vote,1969-04-22,91,NA,NA,NA,Winn,Kansas,NA,NA,NA,NA,NA,Voteres-,NA,NA,NA,NA,NA,NA,NA,NA
7709,"Davis, Richard. Proposed Amendments to the Constitution of the United States Introduced in Congress from the 91st Congress, 1st Session through the 98th Congress, 2d Session, January 1969-December 1984, (CRS Report No. 85-36 GOV), Washington: Congressional Research Service, 1985.",NARA,Right to vote,1969-04-23,91,NA,NA,NA,Kee,West Virginia,NA,NA,NA,NA,NA,Voteres-,NA,NA,NA,NA,NA,NA,NA,NA
7753,"Davis, Richard. Proposed Amendments to the Constitution of the United States Introduced in Congress from the 91st Congress, 1st Session through the 98th Congress, 2d Session, January 1969-December 1984, (CRS Report No. 85-36 GOV), Washington: Congressional Research Service, 1985.",NARA,Right to vote,1969-05-27,91,NA,NA,NA,Meeds,Washington,NA,NA,NA,NA,NA,Voteres-,NA,NA,NA,NA,NA,NA,NA,NA
7758,"Davis, Richard. Proposed Amendments to the Constitution of the United States Introduced in Congress from the 91st Congress, 1st Session through the 98th Congress, 2d Session, January 1969-December 1984, (CRS Report No. 85-36 GOV), Washington: Congressional Research Service, 1985.",NARA,Right to vote,1969-06-02,91,NA,NA,NA,Hamilton,Indiana,NA,NA,NA,NA,NA,Voteres-,NA,NA,NA,NA,NA,NA,NA,NA
7763,"Davis, Richard. Proposed Amendments to the Constitution of the United States Introduced in Congress from the 91st Congress, 1st Session through the 98th Congress, 2d Session, January 1969-December 1984, (CRS Report No. 85-36 GOV), Washington: Congressional Research Service, 1985.",NARA,Right to vote,1969-06-04,91,NA,NA,NA,Tunney,California,NA,NA,NA,NA,NA,Voteres-,NA,NA,NA,NA,NA,NA,NA,NA
7766,"Davis, Richard. Proposed Amendments to the Constitution of the United States Introduced in Congress from the 91st Congress, 1st Session through the 98th Congress, 2d Session, January 1969-December 1984, (CRS Report No. 85-36 GOV), Washington: Congressional Research Service, 1985.",NARA,Right to vote,1969-06-10,91,NA,NA,NA,McClory,Illinois,NA,NA,NA,NA,NA,Voteres-,NA,NA,NA,NA,NA,NA,NA,NA
7807,"Davis, Richard. Proposed Amendments to the Constitution of the United States Introduced in Congress from the 91st Congress, 1st Session through the 98th Congress, 2d Session, January 1969-December 1984, (CRS Report No. 85-36 GOV), Washington: Congressional Research Service, 1985.",NARA,Right to vote,1969-08-05,91,NA,NA,NA,Railsback,Illinois,NA,NA,NA,NA,NA,Voteres-,NA,NA,NA,NA,NA,NA,NA,NA
7811,"Davis, Richard. Proposed Amendments to the Constitution of the United States Introduced in Congress from the 91st Congress, 1st Session through the 98th Congress, 2d Session, January 1969-December 1984, (CRS Report No. 85-36 GOV), Washington: Congressional Research Service, 1985.",NARA,Right to vote,1969-08-11,91,NA,NA,NA,Gonzalez,Texas,NA,NA,NA,NA,NA,Voteres-,NA,NA,NA,NA,NA,NA,NA,NA
7821,"Davis, Richard. Proposed Amendments to the Constitution of the United States Introduced in Congress from the 91st Congress, 1st Session through the 98th Congress, 2d Session, January 1969-December 1984, (CRS Report No. 85-36 GOV), Washington: Congressional Research Service, 1985.",NARA,Right to vote,1969-09-08,91,NA,NA,NA,Thompson,Georgia,NA,NA,NA,NA,NA,Voteres-,NA,NA,NA,NA,NA,NA,NA,NA
7826,"Davis, Richard. Proposed Amendments to the Constitution of the United States Introduced in Congress from the 91st Congress, 1st Session through the 98th Congress, 2d Session, January 1969-December 1984, (CRS Report No. 85-36 GOV), Washington: Congressional Research Service, 1985.",NARA,Right to vote,1969-09-18,91,NA,NA,NA,Railsback,Illinois,NA,NA,NA,NA,NA,Voteres-,NA,NA,NA,NA,NA,NA,NA,NA
7849,"Davis, Richard. Proposed Amendments to the Constitution of the United States Introduced in Congress from the 91st Congress, 1st Session through the 98th Congress, 2d Session, January 1969-December 1984, (CRS Report No. 85-36 GOV), Washington: Congressional Research Service, 1985.",NARA,Right to vote,1969-12-01,91,NA,NA,NA,Rosenthal,New York,NA,NA,NA,NA,NA,Voteres-,NA,NA,NA,NA,NA,NA,NA,NA
7870,"Davis, Richard. Proposed Amendments to the Constitution of the United States Introduced in Congress from the 91st Congress, 1st Session through the 98th Congress, 2d Session, January 1969-December 1984, (CRS Report No. 85-36 GOV), Washington: Congressional Research Service, 1985.",NARA,Right to vote,1970-01-20,91,NA,NA,NA,Mikva,Illinois,NA,NA,NA,NA,NA,Voteres-,NA,NA,NA,NA,NA,NA,NA,NA
7894,"Davis, Richard. Proposed Amendments to the Constitution of the United States Introduced in Congress from the 91st Congress, 1st Session through the 98th Congress, 2d Session, January 1969-December 1984, (CRS Report No. 85-36 GOV), Washington: Congressional Research Service, 1985.",NARA,Right to vote,1970-02-19,91,NA,NA,NA,Lowenstein,New York,NA,NA,NA,NA,NA,Voteres-,NA,NA,NA,NA,NA,NA,NA,NA
7905,"Davis, Richard. Proposed Amendments to the Constitution of the United States Introduced in Congress from the 91st Congress, 1st Session through the 98th Congress, 2d Session, January 1969-December 1984, (CRS Report No. 85-36 GOV), Washington: Congressional Research Service, 1985.",NARA,Right to vote,1970-03-03,91,NA,NA,NA,Chamberlain,Michigan,NA,NA,NA,NA,NA,Voteres-,NA,NA,NA,NA,NA,NA,NA,NA
7906,"Davis, Richard. Proposed Amendments to the Constitution of the United States Introduced in Congress from the 91st Congress, 1st Session through the 98th Congress, 2d Session, January 1969-December 1984, (CRS Report No. 85-36 GOV), Washington: Congressional Research Service, 1985.",NARA,Right to vote,1970-03-05,91,NA,NA,NA,St Germain,Rhode Island,NA,NA,NA,NA,NA,Voteres-,NA,NA,NA,NA,NA,NA,NA,NA
7919,"Davis, Richard. Proposed Amendments to the Constitution of the United States Introduced in Congress from the 91st Congress, 1st Session through the 98th Congress, 2d Session, January 1969-December 1984, (CRS Report No. 85-36 GOV), Washington: Congressional Research Service, 1985.",NARA,Right to vote,1970-03-26,91,NA,NA,NA,Dingell,Michigan,NA,NA,NA,NA,NA,Voteres-,NA,NA,NA,NA,NA,NA,NA,NA
7933,"Davis, Richard. Proposed Amendments to the Constitution of the United States Introduced in Congress from the 91st Congress, 1st Session through the 98th Congress, 2d Session, January 1969-December 1984, (CRS Report No. 85-36 GOV), Washington: Congressional Research Service, 1985.",NARA,Right to vote,1970-04-27,91,NA,NA,NA,Blanton,Tennessee,NA,NA,NA,NA,NA,Voteres-,NA,NA,NA,NA,NA,NA,NA,NA
7935,"Davis, Richard. Proposed Amendments to the Constitution of the United States Introduced in Congress from the 91st Congress, 1st Session through the 98th Congress, 2d Session, January 1969-December 1984, (CRS Report No. 85-36 GOV), Washington: Congressional Research Service, 1985.",NARA,Right to vote,1970-04-30,91,NA,NA,NA,Edwards,Louisiana,NA,NA,NA,NA,NA,Voteres-,NA,NA,NA,NA,NA,NA,NA,NA
7937,"Davis, Richard. Proposed Amendments to the Constitution of the United States Introduced in Congress from the 91st Congress, 1st Session through the 98th Congress, 2d Session, January 1969-December 1984, (CRS Report No. 85-36 GOV), Washington: Congressional Research Service, 1985.",NARA,Right to vote,1970-05-05,91,NA,NA,NA,MacGregor,Minnesota,NA,NA,NA,NA,NA,Voteres-,NA,NA,NA,NA,NA,NA,NA,NA
7949,"Davis, Richard. Proposed Amendments to the Constitution of the United States Introduced in Congress from the 91st Congress, 1st Session through the 98th Congress, 2d Session, January 1969-December 1984, (CRS Report No. 85-36 GOV), Washington: Congressional Research Service, 1985.",NARA,Right to vote,1970-05-25,91,NA,NA,NA,Pollick,Alabama,NA,NA,NA,NA,NA,Voteres-,NA,NA,NA,NA,NA,NA,NA,NA
7954,"Davis, Richard. Proposed Amendments to the Constitution of the United States Introduced in Congress from the 91st Congress, 1st Session through the 98th Congress, 2d Session, January 1969-December 1984, (CRS Report No. 85-36 GOV), Washington: Congressional Research Service, 1985.",NARA,Right to vote,1970-06-16,91,NA,NA,NA,Conable,New York,NA,NA,NA,NA,NA,Voteres-,NA,NA,NA,NA,NA,NA,NA,NA
7956,"Davis, Richard. Proposed Amendments to the Constitution of the United States Introduced in Congress from the 91st Congress, 1st Session through the 98th Congress, 2d Session, January 1969-December 1984, (CRS Report No. 85-36 GOV), Washington: Congressional Research Service, 1985.",NARA,Right to vote,1970-06-18,91,NA,NA,NA,Purcell,Texas,NA,NA,NA,NA,NA,Voteres-,NA,NA,NA,NA,NA,NA,NA,NA
7958,"Davis, Richard. Proposed Amendments to the Constitution of the United States Introduced in Congress from the 91st Congress, 1st Session through the 98th Congress, 2d Session, January 1969-December 1984, (CRS Report No. 85-36 GOV), Washington: Congressional Research Service, 1985.",NARA,Right to vote,1970-06-23,91,NA,NA,NA,King,New York,NA,NA,NA,NA,NA,Voteres-,NA,NA,NA,NA,NA,NA,NA,NA
7960,"Davis, Richard. Proposed Amendments to the Constitution of the United States Introduced in Congress from the 91st Congress, 1st Session through the 98th Congress, 2d Session, January 1969-December 1984, (CRS Report No. 85-36 GOV), Washington: Congressional Research Service, 1985.",NARA,Right to vote,1970-06-23,91,NA,NA,NA,Wilson,California,NA,NA,NA,NA,NA,Voteres-,NA,NA,NA,NA,NA,NA,NA,NA
7964,"Davis, Richard. Proposed Amendments to the Constitution of the United States Introduced in Congress from the 91st Congress, 1st Session through the 98th Congress, 2d Session, January 1969-December 1984, (CRS Report No. 85-36 GOV), Washington: Congressional Research Service, 1985.",NARA,Right to vote,1970-06-29,91,NA,NA,NA,Fulton,Pennsylvania,NA,NA,NA,NA,NA,Voteres-,NA,NA,NA,NA,NA,NA,NA,NA
7966,"Davis, Richard. Proposed Amendments to the Constitution of the United States Introduced in Congress from the 91st Congress, 1st Session through the 98th Congress, 2d Session, January 1969-December 1984, (CRS Report No. 85-36 GOV), Washington: Congressional Research Service, 1985.",NARA,Right to vote,1970-06-30,91,NA,NA,NA,Gubser,California,NA,NA,NA,NA,NA,Voteres-,NA,NA,NA,NA,NA,NA,NA,NA
7967,"Davis, Richard. Proposed Amendments to the Constitution of the United States Introduced in Congress from the 91st Congress, 1st Session through the 98th Congress, 2d Session, January 1969-December 1984, (CRS Report No. 85-36 GOV), Washington: Congressional Research Service, 1985.",NARA,Right to vote,1970-06-30,91,NA,NA,NA,Watkins,Pennsylvania,NA,NA,NA,NA,NA,Voteres-,NA,NA,NA,NA,NA,NA,NA,NA
7968,"Davis, Richard. Proposed Amendments to the Constitution of the United States Introduced in Congress from the 91st Congress, 1st Session through the 98th Congress, 2d Session, January 1969-December 1984, (CRS Report No. 85-36 GOV), Washington: Congressional Research Service, 1985.",NARA,Right to vote,1970-07-01,91,NA,NA,NA,Collier,Illinois,NA,NA,NA,NA,NA,Voteres-,NA,NA,NA,NA,NA,NA,NA,NA
7980,"Davis, Richard. Proposed Amendments to the Constitution of the United States Introduced in Congress from the 91st Congress, 1st Session through the 98th Congress, 2d Session, January 1969-December 1984, (CRS Report No. 85-36 GOV), Washington: Congressional Research Service, 1985.",NARA,Right to vote,1970-07-20,91,NA,NA,NA,Ford,Michigan,NA,NA,NA,NA,NA,Voteres-,NA,NA,NA,NA,NA,NA,NA,NA
7981,"Davis, Richard. Proposed Amendments to the Constitution of the United States Introduced in Congress from the 91st Congress, 1st Session through the 98th Congress, 2d Session, January 1969-December 1984, (CRS Report No. 85-36 GOV), Washington: Congressional Research Service, 1985.",NARA,Right to vote,1970-07-20,91,NA,NA,NA,Kleppe,North Dakota,NA,NA,NA,NA,NA,Voteres-,NA,NA,NA,NA,NA,NA,NA,NA
7982,"Davis, Richard. Proposed Amendments to the Constitution of the United States Introduced in Congress from the 91st Congress, 1st Session through the 98th Congress, 2d Session, January 1969-December 1984, (CRS Report No. 85-36 GOV), Washington: Congressional Research Service, 1985.",NARA,Right to vote,1970-07-20,91,NA,NA,NA,May,Washington,NA,NA,NA,NA,NA,Voteres-,NA,NA,NA,NA,NA,NA,NA,NA
7983,"Davis, Richard. Proposed Amendments to the Constitution of the United States Introduced in Congress from the 91st Congress, 1st Session through the 98th Congress, 2d Session, January 1969-December 1984, (CRS Report No. 85-36 GOV), Washington: Congressional Research Service, 1985.",NARA,Right to vote,1970-07-20,91,NA,NA,NA,Miller,Ohio,NA,NA,NA,NA,NA,Voteres-,NA,NA,NA,NA,NA,NA,NA,NA
7984,"Davis, Richard. Proposed Amendments to the Constitution of the United States Introduced in Congress from the 91st Congress, 1st Session through the 98th Congress, 2d Session, January 1969-December 1984, (CRS Report No. 85-36 GOV), Washington: Congressional Research Service, 1985.",NARA,Right to vote,1970-07-20,91,NA,NA,NA,Rhodes,Arkansas,NA,NA,NA,NA,NA,Voteres-,NA,NA,NA,NA,NA,NA,NA,NA
7986,"Davis, Richard. Proposed Amendments to the Constitution of the United States Introduced in Congress from the 91st Congress, 1st Session through the 98th Congress, 2d Session, January 1969-December 1984, (CRS Report No. 85-36 GOV), Washington: Congressional Research Service, 1985.",NARA,Right to vote,1970-07-21,91,NA,NA,NA,Broyhill,North Carolina,NA,NA,NA,NA,NA,Voteres-,NA,NA,NA,NA,NA,NA,NA,NA
7987,"Davis, Richard. Proposed Amendments to the Constitution of the United States Introduced in Congress from the 91st Congress, 1st Session through the 98th Congress, 2d Session, January 1969-December 1984, (CRS Report No. 85-36 GOV), Washington: Congressional Research Service, 1985.",NARA,Right to vote,1970-07-21,91,NA,NA,NA,Denney,Nebraska,NA,NA,NA,NA,NA,Voteres-,NA,NA,NA,NA,NA,NA,NA,NA
7988,"Davis, Richard. Proposed Amendments to the Constitution of the United States Introduced in Congress from the 91st Congress, 1st Session through the 98th Congress, 2d Session, January 1969-December 1984, (CRS Report No. 85-36 GOV), Washington: Congressional Research Service, 1985.",NARA,Right to vote,1970-07-21,91,NA,NA,NA,Grover,New York,NA,NA,NA,NA,NA,Voteres-,NA,NA,NA,NA,NA,NA,NA,NA
7989,"Davis, Richard. Proposed Amendments to the Constitution of the United States Introduced in Congress from the 91st Congress, 1st Session through the 98th Congress, 2d Session, January 1969-December 1984, (CRS Report No. 85-36 GOV), Washington: Congressional Research Service, 1985.",NARA,Right to vote,1970-07-22,91,NA,NA,NA,Brown,Michigan,NA,NA,NA,NA,NA,Voteres-,NA,NA,NA,NA,NA,NA,NA,NA
7991,"Davis, Richard. Proposed Amendments to the Constitution of the United States Introduced in Congress from the 91st Congress, 1st Session through the 98th Congress, 2d Session, January 1969-December 1984, (CRS Report No. 85-36 GOV), Washington: Congressional Research Service, 1985.",NARA,Right to vote,1970-07-22,91,NA,NA,NA,McKneally,New York,NA,NA,NA,NA,NA,Voteres-,NA,NA,NA,NA,NA,NA,NA,NA
7992,"Davis, Richard. Proposed Amendments to the Constitution of the United States Introduced in Congress from the 91st Congress, 1st Session through the 98th Congress, 2d Session, January 1969-December 1984, (CRS Report No. 85-36 GOV), Washington: Congressional Research Service, 1985.",NARA,Right to vote,1970-07-22,91,NA,NA,NA,Scott,Virginia,NA,NA,NA,NA,NA,Voteres-,NA,NA,NA,NA,NA,NA,NA,NA
7993,"Davis, Richard. Proposed Amendments to the Constitution of the United States Introduced in Congress from the 91st Congress, 1st Session through the 98th Congress, 2d Session, January 1969-December 1984, (CRS Report No. 85-36 GOV), Washington: Congressional Research Service, 1985.",NARA,Right to vote,1970-07-22,91,NA,NA,NA,Wyman,New Hampshire,NA,NA,NA,NA,NA,Voteres-,NA,NA,NA,NA,NA,NA,NA,NA
7995,"Davis, Richard. Proposed Amendments to the Constitution of the United States Introduced in Congress from the 91st Congress, 1st Session through the 98th Congress, 2d Session, January 1969-December 1984, (CRS Report No. 85-36 GOV), Washington: Congressional Research Service, 1985.",NARA,Right to vote,1970-07-29,91,NA,NA,NA,Clausen,California,NA,NA,NA,NA,NA,Voteres-,NA,NA,NA,NA,NA,NA,NA,NA
7996,"Davis, Richard. Proposed Amendments to the Constitution of the United States Introduced in Congress from the 91st Congress, 1st Session through the 98th Congress, 2d Session, January 1969-December 1984, (CRS Report No. 85-36 GOV), Washington: Congressional Research Service, 1985.",NARA,Right to vote,1970-07-29,91,NA,NA,NA,Johnson,Pennsylvania,NA,NA,NA,NA,NA,Voteres-,NA,NA,NA,NA,NA,NA,NA,NA
7998,"Davis, Richard. Proposed Amendments to the Constitution of the United States Introduced in Congress from the 91st Congress, 1st Session through the 98th Congress, 2d Session, January 1969-December 1984, (CRS Report No. 85-36 GOV), Washington: Congressional Research Service, 1985.",NARA,Right to vote,1970-07-31,91,NA,NA,NA,Kuykendall,Tennessee,NA,NA,NA,NA,NA,Voteres-,NA,NA,NA,NA,NA,NA,NA,NA
8005,"Davis, Richard. Proposed Amendments to the Constitution of the United States Introduced in Congress from the 91st Congress, 1st Session through the 98th Congress, 2d Session, January 1969-December 1984, (CRS Report No. 85-36 GOV), Washington: Congressional Research Service, 1985.",NARA,Right to vote,1970-09-10,91,NA,NA,NA,Adair,Indiana,NA,NA,NA,NA,NA,Voteres-,NA,NA,NA,NA,NA,NA,NA,NA
8013,"Davis, Richard. Proposed Amendments to the Constitution of the United States Introduced in Congress from the 91st Congress, 1st Session through the 98th Congress, 2d Session, January 1969-December 1984, (CRS Report No. 85-36 GOV), Washington: Congressional Research Service, 1985.",NARA,Right to vote,1970-03-19,91,NA,NA,NA,Nedzi,Michigan,NA,NA,NA,NA,NA,Voteres-,NA,NA,NA,NA,NA,NA,NA,NA
8014,"Davis, Richard. Proposed Amendments to the Constitution of the United States Introduced in Congress from the 91st Congress, 1st Session through the 98th Congress, 2d Session, January 1969-December 1984, (CRS Report No. 85-36 GOV), Washington: Congressional Research Service, 1985.",NARA,Right to vote,1969-02-05,91,NA,NA,NA,Brasco,New York,NA,NA,NA,NA,NA,Voteres-,NA,NA,NA,NA,NA,NA,NA,NA
8015,"Davis, Richard. Proposed Amendments to the Constitution of the United States Introduced in Congress from the 91st Congress, 1st Session through the 98th Congress, 2d Session, January 1969-December 1984, (CRS Report No. 85-36 GOV), Washington: Congressional Research Service, 1985.",NARA,Right to vote,1969-02-06,91,NA,NA,NA,Symington,Missouri,NA,NA,NA,NA,NA,Voteres-,NA,NA,NA,NA,NA,NA,NA,NA
8022,"Davis, Richard. Proposed Amendments to the Constitution of the United States Introduced in Congress from the 91st Congress, 1st Session through the 98th Congress, 2d Session, January 1969-December 1984, (CRS Report No. 85-36 GOV), Washington: Congressional Research Service, 1985.",NARA,Right to vote,1971-01-25,92,NA,NA,NA,Randolph,West Virginia,NA,NA,NA,NA,NA,Voteres-,NA,NA,NA,NA,NA,NA,NA,NA
8064,"Davis, Richard. Proposed Amendments to the Constitution of the United States Introduced in Congress from the 91st Congress, 1st Session through the 98th Congress, 2d Session, January 1969-December 1984, (CRS Report No. 85-36 GOV), Washington: Congressional Research Service, 1985.",NARA,Right to vote,1971-01-22,92,NA,NA,NA,Kastenmeier,Wisconsin,NA,NA,NA,NA,NA,Voteres-,NA,NA,NA,NA,NA,NA,NA,NA
8068,"Davis, Richard. Proposed Amendments to the Constitution of the United States Introduced in Congress from the 91st Congress, 1st Session through the 98th Congress, 2d Session, January 1969-December 1984, (CRS Report No. 85-36 GOV), Washington: Congressional Research Service, 1985.",NARA,Right to vote,1971-01-22,92,NA,NA,NA,Alexander,Arkansas,NA,NA,NA,NA,NA,Voteres-,NA,NA,NA,NA,NA,NA,NA,NA
8085,"Davis, Richard. Proposed Amendments to the Constitution of the United States Introduced in Congress from the 91st Congress, 1st Session through the 98th Congress, 2d Session, January 1969-December 1984, (CRS Report No. 85-36 GOV), Washington: Congressional Research Service, 1985.",NARA,Right to vote,1971-01-22,92,NA,NA,NA,Broyhill,North Carolina,NA,NA,NA,NA,NA,Voteres-,NA,NA,NA,NA,NA,NA,NA,NA
8098,"Davis, Richard. Proposed Amendments to the Constitution of the United States Introduced in Congress from the 91st Congress, 1st Session through the 98th Congress, 2d Session, January 1969-December 1984, (CRS Report No. 85-36 GOV), Washington: Congressional Research Service, 1985.",NARA,Right to vote,1971-01-22,92,NA,NA,NA,Eiberg,Pennsylvania,NA,NA,NA,NA,NA,Voteres-,NA,NA,NA,NA,NA,NA,NA,NA
8099,"Davis, Richard. Proposed Amendments to the Constitution of the United States Introduced in Congress from the 91st Congress, 1st Session through the 98th Congress, 2d Session, January 1969-December 1984, (CRS Report No. 85-36 GOV), Washington: Congressional Research Service, 1985.",NARA,Right to vote,1971-01-22,92,NA,NA,NA,Evins,Tennessee,NA,NA,NA,NA,NA,Voteres-,NA,NA,NA,NA,NA,NA,NA,NA
8115,"Davis, Richard. Proposed Amendments to the Constitution of the United States Introduced in Congress from the 91st Congress, 1st Session through the 98th Congress, 2d Session, January 1969-December 1984, (CRS Report No. 85-36 GOV), Washington: Congressional Research Service, 1985.",NARA,Right to vote,1971-01-22,92,NA,NA,NA,Green,Pennsylvania,NA,NA,NA,NA,NA,Voteres-,NA,NA,NA,NA,NA,NA,NA,NA
8116,"Davis, Richard. Proposed Amendments to the Constitution of the United States Introduced in Congress from the 91st Congress, 1st Session through the 98th Congress, 2d Session, January 1969-December 1984, (CRS Report No. 85-36 GOV), Washington: Congressional Research Service, 1985.",NARA,Right to vote,1971-01-22,92,NA,NA,NA,Green,Pennsylvania,NA,NA,NA,NA,NA,Voteres-,NA,NA,NA,NA,NA,NA,NA,NA
8124,"Davis, Richard. Proposed Amendments to the Constitution of the United States Introduced in Congress from the 91st Congress, 1st Session through the 98th Congress, 2d Session, January 1969-December 1984, (CRS Report No. 85-36 GOV), Washington: Congressional Research Service, 1985.",NARA,Right to vote,1971-01-22,92,NA,NA,NA,Helstoski,New Jersey,NA,NA,NA,NA,NA,Voteres-,NA,NA,NA,NA,NA,NA,NA,NA
8143,"Davis, Richard. Proposed Amendments to the Constitution of the United States Introduced in Congress from the 91st Congress, 1st Session through the 98th Congress, 2d Session, January 1969-December 1984, (CRS Report No. 85-36 GOV), Washington: Congressional Research Service, 1985.",NARA,Right to vote,1971-01-22,92,NA,NA,NA,Pucinski,Illinois,NA,NA,NA,NA,NA,Voteres-,NA,NA,NA,NA,NA,NA,NA,NA
8167,"Davis, Richard. Proposed Amendments to the Constitution of the United States Introduced in Congress from the 91st Congress, 1st Session through the 98th Congress, 2d Session, January 1969-December 1984, (CRS Report No. 85-36 GOV), Washington: Congressional Research Service, 1985.",NARA,Right to vote,1971-01-22,92,NA,NA,NA,Stratton,New York,NA,NA,NA,NA,NA,Voteres-,NA,NA,NA,NA,NA,NA,NA,NA
8173,"Davis, Richard. Proposed Amendments to the Constitution of the United States Introduced in Congress from the 91st Congress, 1st Session through the 98th Congress, 2d Session, January 1969-December 1984, (CRS Report No. 85-36 GOV), Washington: Congressional Research Service, 1985.",NARA,Right to vote,1971-01-22,92,NA,NA,NA,Widnall,New Jersey,NA,NA,NA,NA,NA,Voteres-,NA,NA,NA,NA,NA,NA,NA,NA
8177,"Davis, Richard. Proposed Amendments to the Constitution of the United States Introduced in Congress from the 91st Congress, 1st Session through the 98th Congress, 2d Session, January 1969-December 1984, (CRS Report No. 85-36 GOV), Washington: Congressional Research Service, 1985.",NARA,Right to vote,1971-01-22,92,NA,NA,NA,Mikva,Illinois,NA,NA,NA,NA,NA,Voteres-,NA,NA,NA,NA,NA,NA,NA,NA
8178,"Davis, Richard. Proposed Amendments to the Constitution of the United States Introduced in Congress from the 91st Congress, 1st Session through the 98th Congress, 2d Session, January 1969-December 1984, (CRS Report No. 85-36 GOV), Washington: Congressional Research Service, 1985.",NARA,Right to vote,1971-01-22,92,NA,NA,NA,Harrington,Massachusetts,NA,NA,NA,NA,NA,Voteres-,NA,NA,NA,NA,NA,NA,NA,NA
8179,"Davis, Richard. Proposed Amendments to the Constitution of the United States Introduced in Congress from the 91st Congress, 1st Session through the 98th Congress, 2d Session, January 1969-December 1984, (CRS Report No. 85-36 GOV), Washington: Congressional Research Service, 1985.",NARA,Right to vote,1971-01-22,92,NA,NA,NA,Riegle,Michigan,NA,NA,NA,NA,NA,Voteres-,NA,NA,NA,NA,NA,NA,NA,NA
8180,"Davis, Richard. Proposed Amendments to the Constitution of the United States Introduced in Congress from the 91st Congress, 1st Session through the 98th Congress, 2d Session, January 1969-December 1984, (CRS Report No. 85-36 GOV), Washington: Congressional Research Service, 1985.",NARA,Right to vote,1971-01-22,92,NA,NA,NA,Railsback,Illinois,NA,NA,NA,NA,NA,Voteres-,NA,NA,NA,NA,NA,NA,NA,NA
8181,"Davis, Richard. Proposed Amendments to the Constitution of the United States Introduced in Congress from the 91st Congress, 1st Session through the 98th Congress, 2d Session, January 1969-December 1984, (CRS Report No. 85-36 GOV), Washington: Congressional Research Service, 1985.",NARA,Right to vote,1971-01-22,92,NA,NA,NA,Mikva,Illinois,NA,NA,NA,NA,NA,Voteres-,NA,NA,NA,NA,NA,NA,NA,NA
8182,"Davis, Richard. Proposed Amendments to the Constitution of the United States Introduced in Congress from the 91st Congress, 1st Session through the 98th Congress, 2d Session, January 1969-December 1984, (CRS Report No. 85-36 GOV), Washington: Congressional Research Service, 1985.",NARA,Right to vote,1971-01-25,92,NA,NA,NA,Price,Illinois,NA,NA,NA,NA,NA,Voteres-,NA,NA,NA,NA,NA,NA,NA,NA
8200,"Davis, Richard. Proposed Amendments to the Constitution of the United States Introduced in Congress from the 91st Congress, 1st Session through the 98th Congress, 2d Session, January 1969-December 1984, (CRS Report No. 85-36 GOV), Washington: Congressional Research Service, 1985.",NARA,Right to vote,1971-01-29,92,NA,NA,NA,Celler,New York,NA,NA,NA,NA,NA,Voteres-,NA,NA,NA,NA,NA,NA,NA,NA
8220,"Davis, Richard. Proposed Amendments to the Constitution of the United States Introduced in Congress from the 91st Congress, 1st Session through the 98th Congress, 2d Session, January 1969-December 1984, (CRS Report No. 85-36 GOV), Washington: Congressional Research Service, 1985.",NARA,Right to vote,1971-02-02,92,NA,NA,NA,Mikva,Illinois,NA,NA,NA,NA,NA,Voteres-,NA,NA,NA,NA,NA,NA,NA,NA
8224,"Davis, Richard. Proposed Amendments to the Constitution of the United States Introduced in Congress from the 91st Congress, 1st Session through the 98th Congress, 2d Session, January 1969-December 1984, (CRS Report No. 85-36 GOV), Washington: Congressional Research Service, 1985.",NARA,Right to vote,1971-02-02,92,NA,NA,NA,Thompson,New Jersey,NA,NA,NA,NA,NA,Voteres-,NA,NA,NA,NA,NA,NA,NA,NA
8258,"Davis, Richard. Proposed Amendments to the Constitution of the United States Introduced in Congress from the 91st Congress, 1st Session through the 98th Congress, 2d Session, January 1969-December 1984, (CRS Report No. 85-36 GOV), Washington: Congressional Research Service, 1985.",NARA,Right to vote,1971-02-09,92,NA,NA,NA,Quie,Minnesota,NA,NA,NA,NA,NA,Voteres-,NA,NA,NA,NA,NA,NA,NA,NA
8260,"Davis, Richard. Proposed Amendments to the Constitution of the United States Introduced in Congress from the 91st Congress, 1st Session through the 98th Congress, 2d Session, January 1969-December 1984, (CRS Report No. 85-36 GOV), Washington: Congressional Research Service, 1985.",NARA,Right to vote,1971-02-09,92,NA,NA,NA,Railsback,Illinois,NA,NA,NA,NA,NA,Voteres-,NA,NA,NA,NA,NA,NA,NA,NA
8267,"Davis, Richard. Proposed Amendments to the Constitution of the United States Introduced in Congress from the 91st Congress, 1st Session through the 98th Congress, 2d Session, January 1969-December 1984, (CRS Report No. 85-36 GOV), Washington: Congressional Research Service, 1985.",NARA,Right to vote,1971-02-10,92,NA,NA,NA,Veysey,California,NA,NA,NA,NA,NA,Voteres-,NA,NA,NA,NA,NA,NA,NA,NA
8275,"Davis, Richard. Proposed Amendments to the Constitution of the United States Introduced in Congress from the 91st Congress, 1st Session through the 98th Congress, 2d Session, January 1969-December 1984, (CRS Report No. 85-36 GOV), Washington: Congressional Research Service, 1985.",NARA,Right to vote,1971-02-18,92,NA,NA,NA,Corman,California,NA,NA,NA,NA,NA,Voteres-,NA,NA,NA,NA,NA,NA,NA,NA
8279,"Davis, Richard. Proposed Amendments to the Constitution of the United States Introduced in Congress from the 91st Congress, 1st Session through the 98th Congress, 2d Session, January 1969-December 1984, (CRS Report No. 85-36 GOV), Washington: Congressional Research Service, 1985.",NARA,Right to vote,1971-02-18,92,NA,NA,NA,O'Neill,Massachusetts,NA,NA,NA,NA,NA,Voteres-,NA,NA,NA,NA,NA,NA,NA,NA
8287,"Davis, Richard. Proposed Amendments to the Constitution of the United States Introduced in Congress from the 91st Congress, 1st Session through the 98th Congress, 2d Session, January 1969-December 1984, (CRS Report No. 85-36 GOV), Washington: Congressional Research Service, 1985.",NARA,Right to vote,1971-02-23,92,NA,NA,NA,Winn,Kansas,NA,NA,NA,NA,NA,Voteres-,NA,NA,NA,NA,NA,NA,NA,NA
8291,"Davis, Richard. Proposed Amendments to the Constitution of the United States Introduced in Congress from the 91st Congress, 1st Session through the 98th Congress, 2d Session, January 1969-December 1984, (CRS Report No. 85-36 GOV), Washington: Congressional Research Service, 1985.",NARA,Right to vote,1971-02-25,92,NA,NA,NA,Conable,New York,NA,NA,NA,NA,NA,Voteres-,NA,NA,NA,NA,NA,NA,NA,NA
8293,"Davis, Richard. Proposed Amendments to the Constitution of the United States Introduced in Congress from the 91st Congress, 1st Session through the 98th Congress, 2d Session, January 1969-December 1984, (CRS Report No. 85-36 GOV), Washington: Congressional Research Service, 1985.",NARA,Right to vote,1971-02-25,92,NA,NA,NA,Gallagher,New Jersey,NA,NA,NA,NA,NA,Voteres-,NA,NA,NA,NA,NA,NA,NA,NA
8294,"Davis, Richard. Proposed Amendments to the Constitution of the United States Introduced in Congress from the 91st Congress, 1st Session through the 98th Congress, 2d Session, January 1969-December 1984, (CRS Report No. 85-36 GOV), Washington: Congressional Research Service, 1985.",NARA,Right to vote,1971-02-25,92,NA,NA,NA,Henderson,North Carolina,NA,NA,NA,NA,NA,Voteres-,NA,NA,NA,NA,NA,NA,NA,NA
8295,"Davis, Richard. Proposed Amendments to the Constitution of the United States Introduced in Congress from the 91st Congress, 1st Session through the 98th Congress, 2d Session, January 1969-December 1984, (CRS Report No. 85-36 GOV), Washington: Congressional Research Service, 1985.",NARA,Right to vote,1971-02-25,92,NA,NA,NA,Hicks,Massachusetts,NA,NA,NA,NA,NA,Voteres-,NA,NA,NA,NA,NA,NA,NA,NA
8299,"Davis, Richard. Proposed Amendments to the Constitution of the United States Introduced in Congress from the 91st Congress, 1st Session through the 98th Congress, 2d Session, January 1969-December 1984, (CRS Report No. 85-36 GOV), Washington: Congressional Research Service, 1985.",NARA,Right to vote,1971-02-25,92,NA,NA,NA,Hunt,New Jersey,NA,NA,NA,NA,NA,Voteres-,NA,NA,NA,NA,NA,NA,NA,NA
8302,"Davis, Richard. Proposed Amendments to the Constitution of the United States Introduced in Congress from the 91st Congress, 1st Session through the 98th Congress, 2d Session, January 1969-December 1984, (CRS Report No. 85-36 GOV), Washington: Congressional Research Service, 1985.",NARA,Right to vote,1971-02-25,92,NA,NA,NA,McClory,Illinois,NA,NA,NA,NA,NA,Voteres-,NA,NA,NA,NA,NA,NA,NA,NA
8303,"Davis, Richard. Proposed Amendments to the Constitution of the United States Introduced in Congress from the 91st Congress, 1st Session through the 98th Congress, 2d Session, January 1969-December 1984, (CRS Report No. 85-36 GOV), Washington: Congressional Research Service, 1985.",NARA,Right to vote,1971-02-25,92,NA,NA,NA,McCulloch,Ohio,NA,NA,NA,NA,NA,Voteres-,NA,NA,NA,NA,NA,NA,NA,NA
8308,"Davis, Richard. Proposed Amendments to the Constitution of the United States Introduced in Congress from the 91st Congress, 1st Session through the 98th Congress, 2d Session, January 1969-December 1984, (CRS Report No. 85-36 GOV), Washington: Congressional Research Service, 1985.",NARA,Right to vote,1971-03-01,92,NA,NA,NA,Gonzalez,Texas,NA,NA,NA,NA,NA,Voteres-,NA,NA,NA,NA,NA,NA,NA,NA
8311,"Davis, Richard. Proposed Amendments to the Constitution of the United States Introduced in Congress from the 91st Congress, 1st Session through the 98th Congress, 2d Session, January 1969-December 1984, (CRS Report No. 85-36 GOV), Washington: Congressional Research Service, 1985.",NARA,Right to vote,1971-03-01,92,NA,NA,NA,Rodino,New Jersey,NA,NA,NA,NA,NA,Voteres-,NA,NA,NA,NA,NA,NA,NA,NA
8313,"Davis, Richard. Proposed Amendments to the Constitution of the United States Introduced in Congress from the 91st Congress, 1st Session through the 98th Congress, 2d Session, January 1969-December 1984, (CRS Report No. 85-36 GOV), Washington: Congressional Research Service, 1985.",NARA,Right to vote,1971-03-02,92,NA,NA,NA,Fulton,Pennsylvania,NA,NA,NA,NA,NA,Voteres-,NA,NA,NA,NA,NA,NA,NA,NA
8328,"Davis, Richard. Proposed Amendments to the Constitution of the United States Introduced in Congress from the 91st Congress, 1st Session through the 98th Congress, 2d Session, January 1969-December 1984, (CRS Report No. 85-36 GOV), Washington: Congressional Research Service, 1985.",NARA,Right to vote,1971-03-15,92,NA,NA,NA,Wyman,New Hampshire,NA,NA,NA,NA,NA,Voteres-,NA,NA,NA,NA,NA,NA,NA,NA
8331,"Davis, Richard. Proposed Amendments to the Constitution of the United States Introduced in Congress from the 91st Congress, 1st Session through the 98th Congress, 2d Session, January 1969-December 1984, (CRS Report No. 85-36 GOV), Washington: Congressional Research Service, 1985.",NARA,Right to vote,1971-03-16,92,NA,NA,NA,Wilson,California,NA,NA,NA,NA,NA,Voteres-,NA,NA,NA,NA,NA,NA,NA,NA
8332,"Davis, Richard. Proposed Amendments to the Constitution of the United States Introduced in Congress from the 91st Congress, 1st Session through the 98th Congress, 2d Session, January 1969-December 1984, (CRS Report No. 85-36 GOV), Washington: Congressional Research Service, 1985.",NARA,Right to vote,1971-03-17,92,NA,NA,NA,Foley,Washington,NA,NA,NA,NA,NA,Voteres-,NA,NA,NA,NA,NA,NA,NA,NA
8336,"Davis, Richard. Proposed Amendments to the Constitution of the United States Introduced in Congress from the 91st Congress, 1st Session through the 98th Congress, 2d Session, January 1969-December 1984, (CRS Report No. 85-36 GOV), Washington: Congressional Research Service, 1985.",NARA,Right to vote,1971-03-22,92,NA,NA,NA,Kee,West Virginia,NA,NA,NA,NA,NA,Voteres-,NA,NA,NA,NA,NA,NA,NA,NA